[
    {
        "id": "6824efddbf97a7.60342089",
        "title": "U.S. Marshal Ratssitz",
        "content": "Bekommen Ratssitz ohne Wahlrecht\r\n\r\n\r\nU.S. Marshals haben ein unabh\u00e4ngiges Aufgabengebiet",
        "category_id": "682162ab2dbd39.39140832",
        "category_name": "County Rat",
        "category_color": "#3498db",
        "created_at": "2025-05-14 19:32:45",
        "updated_at": "2025-06-24 23:15:19"
    },
    {
        "id": "6824e69da97717.97370431",
        "title": "Pachvertrag Ab\u00e4nderung",
        "content": "Statt Pachtvertrag gibt es eine kostenfreie \u00dcberlassenserkl\u00e4rung mit Option des R\u00fcckrufs bei Bedarf, sobald das Gesch\u00e4ft nicht mehr im Sinne des wirtschaftlichen Interesses des Staates agiert. (Beispielsweise wird nicht mehr betrieben).",
        "category_id": "",
        "category_name": "",
        "category_color": "#6c757d",
        "created_at": "2025-05-14 18:53:17",
        "updated_at": "2025-05-14 18:53:17"
    },
    {
        "id": "6823ad67de5da8.00530208",
        "title": "Jagdlizenz - in Bearbeitung",
        "content": "Nur bestimmte Tiere Lizenz n\u00f6tig.\r\nSchulung Hunting Company.\r\nBeantragung bei Justiz.\r\n\r\nJ\u00e4ger bitten um Ausstellung einer Jagdlizenz f\u00fcr Leute die keine J\u00e4ger sind.\r\nLimitierung der J\u00e4ger.\r\nBegrenzung auf bestimmte Jagdgebiete? Aber die Frage ist auch welche.\r\n\r\nBegr\u00fcndung:\r\n\r\n- Aufwand ist deutlich lang\r\n- Fleischertrag eher gering\r\n\r\nVoraussetzung:\r\n- Ausbildung durch die Hunting Company ist damit einverstanden\r\n- geringe Kosten f\u00fcr Ausstellung (100$)",
        "category_id": "682162ab2dbd39.39140832",
        "category_name": "County Rat",
        "category_color": "#3498db",
        "created_at": "2025-05-13 20:36:55",
        "updated_at": "2025-05-25 18:45:46"
    }
]