[
    {
        "id": 1,
        "name": "Marshal James Wilson",
        "tg_number": "TG-101",
        "category": "Marshal Service",
        "position": "Chief Marshal"
    },
    {
        "id": 2,
        "name": "Sheriff Thomas Miller",
        "tg_number": "TG-202",
        "category": "Sheriffs Department",
        "position": "County Sheriff"
    },
    {
        "id": 3,
        "name": "Colonel Henry Jackson",
        "tg_number": "TG-303",
        "category": "U.S. Army",
        "position": "Regimentskommandant"
    },
    {
        "id": 5,
        "name": "Pr\u00e4sident William Taft",
        "tg_number": "TG-505",
        "category": "Pr\u00e4sidium",
        "position": "Pr\u00e4sident der Vereinigten Staaten"
    },
    {
        "id": 6,
        "name": "Richter George Thompson",
        "tg_number": "TG-606",
        "category": "Department of Justice",
        "position": "Oberster Richter"
    },
    {
        "id": 7,
        "name": "John Smith",
        "tg_number": "TG-707",
        "category": "Andere",
        "position": "Zeuge"
    },
    {
        "id": 8,
        "name": "Alfons Hofstetter",
        "tg_number": "31",
        "category": "Marshal Service",
        "position": ""
    }
]