[
    {
        "title": "test",
        "date": "2025-04-26",
        "time": "",
        "description": "",
        "created_by": "admin",
        "created_by_name": "OConnor",
        "id": "680d3f1905c9a1.99299134",
        "date_created": "2025-04-26 20:16:25"
    },
    {
        "title": "test 3",
        "date": "2025-04-26",
        "time": "21:18",
        "description": "",
        "created_by": "admin",
        "created_by_name": "OConnor",
        "id": "680d3f2dd50092.25127032",
        "date_created": "2025-04-26 20:16:45"
    },
    {
        "title": "Verhandlung deine Mutter",
        "date": "2025-04-27",
        "time": "11:00",
        "description": "",
        "created_by": "admin",
        "created_by_name": "OConnor",
        "id": "680d5488b89fc1.91465848",
        "date_created": "2025-04-26 21:47:52"
    }
]