[
    {
        "defendant": "Peter Pan",
        "charge": "Diebstahl",
        "incident_date": "2025-04-09",
        "expiration_date": "2025-04-30",
        "bail_amount": "",
        "district": "East",
        "prosecutor": "OConnor",
        "judge": "",
        "status": "Verj\u00e4hrt",
        "notes": "Fall automatisch als verj\u00e4hrt markiert am 30.04.2025\n\nStatus aktualisiert auf: Klage angenommen - 27.04.2025 20:57:52 von OConnor\n\nKlageschrift eingereicht von OConnor am 27.04.2025 20:57:35",
        "id": "004",
        "date_updated": "2025-04-30 14:21:34",
        "date_created": "2025-04-26 20:23:10",
        "expired_date": "2025-04-30 14:21:34"
    },
    {
        "defendant": "Pumuckl Blau",
        "charge": "Mord",
        "incident_date": "2025-04-26",
        "expiration_date": "2025-05-17",
        "bail_amount": "",
        "district": "Ost",
        "prosecutor": "James Rhodes",
        "judge": "",
        "status": "completed",
        "id": "005",
        "created_by": "admin",
        "date_created": "2025-04-27 22:30:54",
        "notes": "Au\u00dfergerichtlicher Deal abgeschlossen von Rhodes am 30.04.2025 16:36:10",
        "date_updated": "2025-04-30 16:36:10",
        "witnesses": "Bettina Ina 98\r\nLuis von Tu es 73",
        "victims": "",
        "is_closed": true,
        "closed_date": "2025-04-30 16:36:10",
        "closed_reason": "Au\u00dfergerichtlicher Deal",
        "settlement_details": "Hab Deal gemacht"
    },
    {
        "defendant": "Wolfgang Petri",
        "charge": "Test",
        "incident_date": "2025-04-23",
        "expiration_date": "2025-05-14",
        "bail_amount": "",
        "district": "West",
        "prosecutor": "",
        "judge": "",
        "status": "completed",
        "id": "023",
        "created_by": "68123a48081370.56822649",
        "date_created": "2025-04-30 15:43:29",
        "is_closed": true,
        "closed_date": "2025-04-30 16:52:27",
        "closed_reason": "Au\u00dfergerichtlicher Deal",
        "settlement_details": "test 19:00",
        "notes": "Au\u00dfergerichtlicher Deal abgeschlossen von Rhodes am 30.04.2025 16:52:27",
        "date_updated": "2025-04-30 16:52:27"
    },
    {
        "defendant": "Der ist schuldig",
        "charge": "Diebstahl",
        "incident_date": "2025-04-29",
        "expiration_date": "2025-05-20",
        "bail_amount": "",
        "district": "West",
        "prosecutor": "",
        "judge": "",
        "status": "completed",
        "id": "009",
        "created_by": "68123a48081370.56822649",
        "date_created": "2025-04-30 16:16:26",
        "notes": "Fall geschlossen von OConnor am 30.04.2025 18:10:45 mit Grund: Sonstiges",
        "witnesses": "",
        "victims": "",
        "date_updated": "2025-04-30 18:10:45",
        "is_closed": true,
        "closed_date": "2025-04-30 18:10:45",
        "closed_reason": "Sonstiges",
        "closed_by": "admin",
        "closed_by_name": "OConnor"
    },
    {
        "defendant": "Der ist schuldig",
        "charge": "Mord",
        "incident_date": "2025-04-30",
        "expiration_date": "2025-05-21",
        "bail_amount": "",
        "district": "Ost",
        "prosecutor": "Rhodes",
        "judge": "OConnor",
        "status": "scheduled",
        "id": "013",
        "created_by": "68123a48081370.56822649",
        "date_created": "2025-04-30 16:17:08",
        "notes": "Status aktualisiert auf: Klage angenommen - 30.04.2025 17:28:58 von OConnor\n\nKlageschrift eingereicht von Rhodes am 30.04.2025 16:33:42",
        "date_updated": "2025-04-30 18:26:25",
        "judge_id": "admin",
        "judge_name": "OConnor",
        "judge_assignment_date": "2025-04-30 17:28:58",
        "trial_date": "2025-05-07 10:00:00",
        "trial_notes": ""
    },
    {
        "defendant": "Peter Pan",
        "charge": "Diebstahl",
        "incident_date": "2025-04-29",
        "expiration_date": "2025-05-20",
        "bail_amount": "",
        "district": "Ost",
        "prosecutor": "Rhodes",
        "judge": "",
        "status": "pending",
        "id": "123",
        "created_by": "68123a48081370.56822649",
        "date_created": "2025-04-30 16:17:24",
        "notes": "Klageschrift eingereicht von Rhodes am 30.04.2025 16:23:36",
        "date_updated": "2025-04-30 16:23:36"
    }
]