[
    {
        "id": "680f93f4774e98.59859631",
        "protocol_type": "weapon",
        "owner_id": "",
        "owner_tg_number": "07",
        "owner_name": "Peter Pan",
        "sheriff_id": "23",
        "sheriff_name": "Wayne Wattson",
        "confiscation_date": "2025-04-27",
        "retention_days": 1,
        "planned_return_date": "2025-04-29",
        "items": [
            {
                "name": "Navy",
                "serial": "4567"
            },
            {
                "name": "Bolt Action",
                "serial": "2273"
            }
        ],
        "remarks": "",
        "receiving_staff_id": "admin",
        "receiving_staff_name": "OConnor",
        "receiving_date": "2025-04-28 14:43:00",
        "status": "returned",
        "return_date": "2025-04-28 14:44:32",
        "returning_staff_id": "admin",
        "returning_staff_name": "OConnor",
        "change_log": [
            {
                "user_id": "admin",
                "username": "OConnor",
                "action": "erstellt",
                "details": "",
                "timestamp": "2025-04-28 14:43:00"
            },
            {
                "user_id": "admin",
                "username": "OConnor",
                "action": "zur\u00fcckgegeben",
                "details": "Waffen zur\u00fcckgegeben",
                "timestamp": "2025-04-28 14:44:32"
            }
        ]
    },
    {
        "id": "680f95117903d8.37557931",
        "protocol_type": "evidence",
        "owner_id": "",
        "owner_tg_number": "07",
        "owner_name": "Peter Pan",
        "sheriff_id": "23",
        "sheriff_name": "Wayne Wattson",
        "confiscation_date": "2025-04-27",
        "retention_days": 0,
        "planned_return_date": "2025-04-28",
        "items": [
            {
                "name": "Kokain",
                "serial": "Einheiten: 50"
            }
        ],
        "remarks": "",
        "receiving_staff_id": "admin",
        "receiving_staff_name": "OConnor",
        "receiving_date": "2025-04-28 14:47:45",
        "status": "active",
        "return_date": null,
        "returning_staff_id": null,
        "returning_staff_name": null,
        "change_log": [
            {
                "user_id": "admin",
                "username": "OConnor",
                "action": "erstellt",
                "details": "",
                "timestamp": "2025-04-28 14:47:45"
            }
        ]
    },
    {
        "id": "680f95879bfbe8.22118786",
        "protocol_type": "evidence",
        "owner_id": "",
        "owner_tg_number": "07",
        "owner_name": "Peter Pan",
        "sheriff_id": "23",
        "sheriff_name": "Wayne Wattson",
        "confiscation_date": "2025-04-27",
        "retention_days": 0,
        "planned_return_date": "2025-04-28",
        "items": [
            {
                "name": "Kokain",
                "serial": "Einheiten: 50"
            }
        ],
        "remarks": "",
        "receiving_staff_id": "admin",
        "receiving_staff_name": "OConnor",
        "receiving_date": "2025-04-28 14:49:43",
        "status": "active",
        "return_date": null,
        "returning_staff_id": null,
        "returning_staff_name": null,
        "change_log": [
            {
                "user_id": "admin",
                "username": "OConnor",
                "action": "erstellt",
                "details": "",
                "timestamp": "2025-04-28 14:49:43"
            }
        ]
    },
    {
        "id": "6812523df061a6.74396506",
        "protocol_type": "weapon",
        "owner_id": "",
        "owner_tg_number": "07",
        "owner_name": "Peter Pan",
        "sheriff_id": "23",
        "sheriff_name": "Wayne Wattson",
        "confiscation_date": "2025-04-30",
        "retention_days": 1,
        "planned_return_date": "2025-05-01",
        "items": [
            {
                "name": "Cattleman",
                "serial": "0965"
            }
        ],
        "remarks": "",
        "receiving_staff_id": "68123a48081370.56822649",
        "receiving_staff_name": "Rhodes",
        "receiving_date": "2025-04-30 16:39:25",
        "status": "returned",
        "return_date": "2025-04-30 17:24:46",
        "returning_staff_id": "admin",
        "returning_staff_name": "OConnor",
        "change_log": [
            {
                "user_id": "68123a48081370.56822649",
                "username": "Rhodes",
                "action": "erstellt",
                "details": "",
                "timestamp": "2025-04-30 16:39:25"
            },
            {
                "user_id": "admin",
                "username": "OConnor",
                "action": "zur\u00fcckgegeben",
                "details": "Waffen zur\u00fcckgegeben",
                "timestamp": "2025-04-30 17:24:46"
            }
        ]
    },
    {
        "id": "68125c48002546.72339151",
        "protocol_type": "weapon",
        "owner_id": "",
        "owner_tg_number": "11",
        "owner_name": "Onkel Donkel",
        "sheriff_id": "09",
        "sheriff_name": "Sherlock Halm",
        "confiscation_date": "2025-04-30",
        "retention_days": 1,
        "planned_return_date": "2025-05-01",
        "items": [
            {
                "name": "Navy",
                "serial": "2676"
            }
        ],
        "remarks": "",
        "receiving_staff_id": "admin",
        "receiving_staff_name": "OConnor",
        "receiving_date": "2025-04-30 17:22:16",
        "status": "active",
        "return_date": null,
        "returning_staff_id": null,
        "returning_staff_name": null,
        "change_log": [
            {
                "user_id": "admin",
                "username": "OConnor",
                "action": "erstellt",
                "details": "",
                "timestamp": "2025-04-30 17:22:16"
            }
        ]
    },
    {
        "id": "68125c62607483.40378907",
        "protocol_type": "weapon",
        "owner_id": "",
        "owner_tg_number": "11",
        "owner_name": "Onkel Donkel",
        "sheriff_id": "09",
        "sheriff_name": "Sherlock Halm",
        "confiscation_date": "2025-04-30",
        "retention_days": 1,
        "planned_return_date": "2025-05-01",
        "items": [
            {
                "name": "Navy",
                "serial": "2676"
            }
        ],
        "remarks": "",
        "receiving_staff_id": "admin",
        "receiving_staff_name": "OConnor",
        "receiving_date": "2025-04-30 17:22:42",
        "status": "returned",
        "return_date": "2025-04-30 17:37:04",
        "returning_staff_id": "admin",
        "returning_staff_name": "OConnor",
        "change_log": [
            {
                "user_id": "admin",
                "username": "OConnor",
                "action": "erstellt",
                "details": "",
                "timestamp": "2025-04-30 17:22:42"
            },
            {
                "user_id": "admin",
                "username": "OConnor",
                "action": "zur\u00fcckgegeben",
                "details": "Waffen zur\u00fcckgegeben",
                "timestamp": "2025-04-30 17:37:04"
            }
        ]
    },
    {
        "id": "68125c7ee195c6.64532523",
        "protocol_type": "weapon",
        "owner_id": "",
        "owner_tg_number": "11111",
        "owner_name": "Doppelt Problem?",
        "sheriff_id": "1112",
        "sheriff_name": "Doppelt",
        "confiscation_date": "2025-04-30",
        "retention_days": 1,
        "planned_return_date": "2025-05-01",
        "items": [
            {
                "name": "Doppelt",
                "serial": "1121"
            }
        ],
        "remarks": "",
        "receiving_staff_id": "admin",
        "receiving_staff_name": "OConnor",
        "receiving_date": "2025-04-30 17:23:10",
        "status": "active",
        "return_date": null,
        "returning_staff_id": null,
        "returning_staff_name": null,
        "change_log": [
            {
                "user_id": "admin",
                "username": "OConnor",
                "action": "erstellt",
                "details": "",
                "timestamp": "2025-04-30 17:23:10"
            }
        ]
    },
    {
        "id": "68125c83da5901.15437527",
        "protocol_type": "weapon",
        "owner_id": "",
        "owner_tg_number": "11111",
        "owner_name": "Doppelt Problem?",
        "sheriff_id": "1112",
        "sheriff_name": "Doppelt",
        "confiscation_date": "2025-04-30",
        "retention_days": 1,
        "planned_return_date": "2025-05-01",
        "items": [
            {
                "name": "Doppelt",
                "serial": "1121"
            }
        ],
        "remarks": "",
        "receiving_staff_id": "admin",
        "receiving_staff_name": "OConnor",
        "receiving_date": "2025-04-30 17:23:15",
        "status": "returned",
        "return_date": "2025-04-30 17:37:00",
        "returning_staff_id": "admin",
        "returning_staff_name": "OConnor",
        "change_log": [
            {
                "user_id": "admin",
                "username": "OConnor",
                "action": "erstellt",
                "details": "",
                "timestamp": "2025-04-30 17:23:15"
            },
            {
                "user_id": "admin",
                "username": "OConnor",
                "action": "zur\u00fcckgegeben",
                "details": "Waffen zur\u00fcckgegeben",
                "timestamp": "2025-04-30 17:37:00"
            }
        ]
    },
    {
        "id": "68125fb62ed6d8.65541869",
        "protocol_type": "weapon",
        "owner_id": "",
        "owner_tg_number": "2343",
        "owner_name": "Behoben",
        "sheriff_id": "9834",
        "sheriff_name": "Behoben Sheriff",
        "confiscation_date": "2025-04-30",
        "retention_days": 1,
        "planned_return_date": "2025-05-01",
        "items": [
            {
                "name": "Behobene Waffe",
                "serial": "23645"
            }
        ],
        "remarks": "",
        "receiving_staff_id": "admin",
        "receiving_staff_name": "OConnor",
        "receiving_date": "2025-04-30 17:36:54",
        "status": "active",
        "return_date": null,
        "returning_staff_id": null,
        "returning_staff_name": null,
        "change_log": [
            {
                "user_id": "admin",
                "username": "OConnor",
                "action": "erstellt",
                "details": "",
                "timestamp": "2025-04-30 17:36:54"
            }
        ]
    }
]