[
    {
        "name": "Peter Pan",
        "tg_number": "22",
        "id": "680d3605dc6558.98883428",
        "date_created": "2025-04-26 19:37:41"
    },
    {
        "name": "Lucky Luke",
        "tg_number": "67",
        "id": "680e6ade9b3516.70700863",
        "date_created": "2025-04-27 17:35:26"
    },
    {
        "name": "Der ist schuldig",
        "tg_number": "99",
        "id": "680e6aef319b68.30253433",
        "date_created": "2025-04-27 17:35:43"
    },
    {
        "name": "Pumuckl Blau",
        "tg_number": "04",
        "id": "680e6b07a061a6.75303189",
        "date_created": "2025-04-27 17:36:07"
    },
    {
        "name": "Wolfgang Petri",
        "tg_number": "27",
        "id": "680e9e36478142.72739999",
        "date_created": "2025-04-27 21:14:30"
    }
]