[
    {
        "id": "680cffcc034de3.37479679",
        "type_id": "firearm",
        "serial_number": "123456",
        "description": "",
        "status": "Assigned",
        "notes": "",
        "date_added": "2025-04-26 15:46:20",
        "added_by": "admin",
        "assignment_history": [
            {
                "id": "680d2dd5b81aa0.45119621",
                "staff_id": "680d1d93e06ca3.41060744",
                "assigned_by": "admin",
                "assigned_date": "2025-04-26 19:02:45",
                "notes": ""
            }
        ],
        "date_created": "2025-04-26 15:46:20",
        "current_assignment": {
            "id": "680d2dd5b81aa0.45119621",
            "staff_id": "680d1d93e06ca3.41060744",
            "assigned_by": "admin",
            "assigned_date": "2025-04-26 19:02:45",
            "notes": ""
        },
        "date_updated": "2025-04-26 19:02:45"
    },
    {
        "id": "680d1d48714813.64400511",
        "type_id": "680d1d156213e6.84431903",
        "serial_number": "Justizia 1",
        "description": "",
        "status": "Assigned",
        "notes": "",
        "date_added": "2025-04-26 17:52:08",
        "added_by": "admin",
        "assignment_history": [
            {
                "id": "680d1dcc8282a2.05761073",
                "staff_id": "680d1d93e06ca3.41060744",
                "assigned_by": "admin",
                "assigned_date": "2025-04-26 17:54:20",
                "notes": "",
                "returned_by": "admin",
                "return_date": "2025-04-28 11:14:36",
                "return_notes": ""
            },
            {
                "id": "680f6327bf5724.93211203",
                "staff_id": "680d1d93e06ca3.41060744",
                "assigned_by": "admin",
                "assigned_date": "2025-04-28 11:14:47",
                "notes": "",
                "returned_by": "admin",
                "return_date": "2025-04-28 11:36:20",
                "return_notes": ""
            },
            {
                "id": "680f683c9e1119.92532646",
                "staff_id": "680d1d93e06ca3.41060744",
                "assigned_by": "admin",
                "assigned_date": "2025-04-28 11:36:28",
                "notes": ""
            }
        ],
        "date_created": "2025-04-26 17:52:08",
        "date_updated": "2025-04-28 11:36:28",
        "current_assignment": {
            "id": "680f683c9e1119.92532646",
            "staff_id": "680d1d93e06ca3.41060744",
            "assigned_by": "admin",
            "assigned_date": "2025-04-28 11:36:28",
            "notes": ""
        }
    },
    {
        "id": "680e6c2774f973.81185521",
        "type_id": "680e6a0b9ee1d6.38664737",
        "serial_number": "5643",
        "description": "Bolt Action",
        "status": "Assigned",
        "notes": "",
        "date_added": "2025-04-27 17:40:55",
        "added_by": "admin",
        "assignment_history": [
            {
                "id": "680f684698c7e7.66454110",
                "staff_id": "680d4040c6f950.86598962",
                "assigned_by": "admin",
                "assigned_date": "2025-04-28 11:36:38",
                "notes": ""
            }
        ],
        "date_created": "2025-04-27 17:40:55",
        "current_assignment": {
            "id": "680f684698c7e7.66454110",
            "staff_id": "680d4040c6f950.86598962",
            "assigned_by": "admin",
            "assigned_date": "2025-04-28 11:36:38",
            "notes": ""
        },
        "date_updated": "2025-04-28 11:36:38"
    },
    {
        "id": "680e6c77cf4296.56096684",
        "type_id": "680e6a0b9ee1d6.38664737",
        "serial_number": "6754",
        "description": "Bolt Action",
        "status": "Available",
        "notes": "",
        "date_added": "2025-04-27 17:42:15",
        "added_by": "admin",
        "assignment_history": [],
        "date_created": "2025-04-27 17:42:15"
    },
    {
        "id": "680ea1cd735c99.22458239",
        "type_id": "680ea1aac97372.88122027",
        "serial_number": "1234",
        "description": "",
        "status": "Available",
        "notes": "",
        "date_added": "2025-04-27 21:29:49",
        "added_by": "admin",
        "assignment_history": [],
        "date_created": "2025-04-27 21:29:49"
    },
    {
        "id": "680ec63c2c5d18.24103872",
        "type_id": "680ec62ca8e579.73913296",
        "serial_number": "12345678",
        "description": "",
        "status": "Assigned",
        "notes": "",
        "date_added": "2025-04-28 00:05:16",
        "added_by": "admin",
        "assignment_history": [
            {
                "id": "680ec651aa28b2.00577812",
                "staff_id": "680d4040c6f950.86598962",
                "assigned_by": "admin",
                "assigned_date": "2025-04-28 00:05:37",
                "notes": ""
            }
        ],
        "date_created": "2025-04-28 00:05:16",
        "current_assignment": {
            "id": "680ec651aa28b2.00577812",
            "staff_id": "680d4040c6f950.86598962",
            "assigned_by": "admin",
            "assigned_date": "2025-04-28 00:05:37",
            "notes": ""
        },
        "date_updated": "2025-04-28 00:05:37"
    },
    {
        "id": "680f6555703976.93017748",
        "type_id": "680f5f97ef1eb6.75844143",
        "serial_number": "123456",
        "description": "",
        "status": "Available",
        "notes": "",
        "date_added": "2025-04-28 11:24:05",
        "added_by": "admin",
        "assignment_history": [],
        "date_created": "2025-04-28 11:24:05"
    },
    {
        "id": "680f6859c16997.08716376",
        "type_id": "680e6a0b9ee1d6.38664737",
        "serial_number": "0987",
        "description": "Pump Action",
        "status": "Available",
        "notes": "",
        "date_added": "2025-04-28 11:36:57",
        "added_by": "admin",
        "assignment_history": [],
        "date_created": "2025-04-28 11:36:57"
    },
    {
        "id": "680f69d86abae8.47513539",
        "type_id": "680f6362008402.92684731",
        "serial_number": "Geht das",
        "description": "",
        "status": "Assigned",
        "notes": "",
        "date_added": "2025-04-28 11:43:20",
        "added_by": "admin",
        "assignment_history": [
            {
                "id": "680f69e525aaa9.05636451",
                "staff_id": "680d4040c6f950.86598962",
                "assigned_by": "admin",
                "assigned_date": "2025-04-28 11:43:33",
                "notes": "",
                "returned_by": "admin",
                "return_date": "2025-04-28 11:45:29",
                "return_notes": ""
            },
            {
                "id": "680f6a638264f7.31385794",
                "staff_id": "680f6a0b933759.82350730",
                "assigned_by": "admin",
                "assigned_date": "2025-04-28 11:45:39",
                "notes": ""
            }
        ],
        "date_created": "2025-04-28 11:43:20",
        "date_updated": "2025-04-28 11:45:39",
        "current_assignment": {
            "id": "680f6a638264f7.31385794",
            "staff_id": "680f6a0b933759.82350730",
            "assigned_by": "admin",
            "assigned_date": "2025-04-28 11:45:39",
            "notes": ""
        }
    },
    {
        "id": "680f6a9bbe88c1.59237702",
        "type_id": "680f5f97ef1eb6.75844143",
        "serial_number": "1256",
        "description": "Dialogfenstertest",
        "status": "Assigned",
        "notes": "",
        "date_added": "2025-04-28 11:46:35",
        "added_by": "admin",
        "assignment_history": [
            {
                "id": "680f6aa515c5b2.50144708",
                "staff_id": "680d1d93e06ca3.41060744",
                "assigned_by": "admin",
                "assigned_date": "2025-04-28 11:46:45",
                "notes": "",
                "returned_by": "admin",
                "return_date": "2025-04-28 11:46:55",
                "return_notes": ""
            },
            {
                "id": "680f6abe8ead99.06696127",
                "staff_id": "680f6a0b933759.82350730",
                "assigned_by": "admin",
                "assigned_date": "2025-04-28 11:47:10",
                "notes": ""
            }
        ],
        "date_created": "2025-04-28 11:46:35",
        "date_updated": "2025-04-28 11:47:10",
        "current_assignment": {
            "id": "680f6abe8ead99.06696127",
            "staff_id": "680f6a0b933759.82350730",
            "assigned_by": "admin",
            "assigned_date": "2025-04-28 11:47:10",
            "notes": ""
        }
    }
]