[
    {
        "id": "firearm",
        "name": "Dienstpferde Marshal Service",
        "description": "Dienstpferde des U.S. Marshal Service",
        "date_updated": "2025-04-27 17:32:32"
    },
    {
        "id": "680d1d156213e6.84431903",
        "name": "Dienstpferde",
        "description": "",
        "date_created": "2025-04-26 17:51:17"
    },
    {
        "id": "680e6a0b9ee1d6.38664737",
        "name": "Langwaffen Marshal Service",
        "description": "Ausgabe der Langwaffen f\u00fcr den Dienst",
        "date_created": "2025-04-27 17:31:55"
    },
    {
        "id": "680ea1aac97372.88122027",
        "name": "Test",
        "description": "123",
        "date_created": "2025-04-27 21:29:14"
    },
    {
        "id": "680ec62ca8e579.73913296",
        "name": "ausklapptest",
        "description": "111",
        "date_created": "2025-04-28 00:05:00"
    },
    {
        "id": "680f5f97ef1eb6.75844143",
        "name": "Test 2",
        "description": "",
        "date_created": "2025-04-28 10:59:35"
    },
    {
        "id": "680f6362008402.92684731",
        "name": "Neuer Test",
        "description": "",
        "date_created": "2025-04-28 11:15:46"
    }
]