[
    {
        "category": "I. Vergehen an Personen",
        "violation": "\u00a71 Mord",
        "description": "Vors\u00e4tzliche T\u00f6tung einer anderen Person",
        "amount": 1000,
        "prison_days": 60,
        "notes": "JA",
        "id": 1
    },
    {
        "category": "I. Vergehen an Personen",
        "violation": "\u00a72 Totschlag",
        "description": "T\u00f6tung einer anderen Person ohne Vorsatz",
        "amount": 800,
        "prison_days": 40,
        "notes": "JA",
        "id": 2
    },
    {
        "violation": "\u00a73 K\u00f6rperverletzung",
        "amount": 500,
        "prison_days": 30,
        "id": 3,
        "category": "Allgemein",
        "description": "\u00a73 K\u00f6rperverletzung",
        "notes": ""
    },
    {
        "category": "I. Vergehen an Personen",
        "violation": "\u00a74 Notwehr",
        "description": "Selbstverteidigung",
        "amount": 0,
        "prison_days": 0,
        "notes": "JA",
        "id": 4
    },
    {
        "category": "I. Vergehen an Personen",
        "violation": "\u00a75 T\u00f6tung von Nutztieren",
        "description": "Illegales T\u00f6ten von Nutztieren",
        "amount": 500,
        "prison_days": 25,
        "id": 5,
        "notes": ""
    },
    {
        "category": "Allgemein",
        "violation": "Importfehler",
        "description": "Fehler beim Import des Bu\u00dfgeldkatalogs",
        "amount": 0,
        "prison_days": 0,
        "notes": "Parser-Fehler: Syntax error",
        "id": 6
    }
]