[
    {
        "name": "Waffenlizenz",
        "description": "",
        "created_by": "admin",
        "created_by_name": "OConnor",
        "files": [],
        "id": "680d0e65863ec2.43874897",
        "date_created": "2025-04-26 16:48:37",
        "date_updated": "2025-04-26 22:32:40",
        "subfolders": [
            {
                "name": "James Rhodes",
                "description": "Waffenlizenzen f\u00fcr: James Rhodes",
                "created_by": "admin",
                "created_by_name": "OConnor",
                "files": [
                    {
                        "id": "680d646817f1a5.74447597",
                        "title": "JR-041899-001",
                        "description": "",
                        "created_by": "admin",
                        "created_by_name": "OConnor",
                        "date_created": "2025-04-26 22:55:36",
                        "file_type": "png",
                        "file_path": "680d646817f1a5.74447597.png",
                        "file_size": 1587008
                    }
                ],
                "subfolders": [],
                "id": "680d5541db0360.03494443"
            }
        ]
    },
    {
        "name": "Testlizenz",
        "description": "Das ist ein Test",
        "created_by": "admin",
        "created_by_name": "OConnor",
        "files": [],
        "subfolders": [
            {
                "name": "Das ist auch ein Test",
                "description": "",
                "created_by": "admin",
                "created_by_name": "OConnor",
                "files": [
                    {
                        "id": "680f55dc6c8335.18105550",
                        "title": "Test 32",
                        "description": "Achso",
                        "created_by": "admin",
                        "created_by_name": "OConnor",
                        "date_created": "2025-04-28 10:18:04",
                        "content": "Probieren"
                    }
                ],
                "subfolders": [],
                "id": "680f55c39dc4a3.94673498"
            }
        ],
        "id": "680f55b17e5142.92805904",
        "date_created": "2025-04-28 10:17:21",
        "date_updated": "2025-04-28 10:17:40"
    }
]