[
    {
        "case_id": "680d00da5eddb2.98971144",
        "content": "dddd",
        "prosecutor_id": "admin",
        "prosecutor_name": "OConnor",
        "status": "accepted",
        "id": "680d1a9de819f8.53301735",
        "date_created": "2025-04-26 17:40:45",
        "processor_id": "admin",
        "processor_name": "OConnor",
        "process_date": "2025-04-26 17:47:41",
        "decision_history": [
            {
                "status": "accepted",
                "date": "2025-04-26 17:47:41",
                "processor_id": "admin",
                "processor_name": "OConnor"
            }
        ],
        "date_updated": "2025-04-26 17:47:41"
    },
    {
        "case_id": "680d1211ee37b0.94453286",
        "content": "111",
        "prosecutor_id": "admin",
        "prosecutor_name": "OConnor",
        "status": "pending",
        "id": "680d1af723d8d2.13725581",
        "date_created": "2025-04-26 17:42:15"
    },
    {
        "case_id": "680d62d36c6833.21256602",
        "content": "Klageschrift\r\n\r\nAngeklagter: Peter Pan\r\nAnklage: Betrug\r\nVorfalldatum: 28.04.2025\r\nBezirk: Ost\r\n\r\nSACHVERHALT:\r\n[Beschreiben Sie hier den Sachverhalt]\r\n\r\nTATBESTAND:\r\n[Beschreiben Sie hier den Tatbestand]\r\n\r\nBEGR\u00dcNDUNG:\r\n[Geben Sie hier die rechtliche Begr\u00fcndung an]\r\n\r\nANTRAG:\r\nDer Angeklagte, Peter Pan, wird wegen Betrug angeklagt.\r\n\r\nDatum: 27.04.2025\r\n\r\nOConnor\nDepartment of Justice - Systemadministrator\n27.04.2025\r\n(Staatsanwalt)",
        "prosecutor_id": "admin",
        "prosecutor_name": "OConnor",
        "status": "completed",
        "date_created": "2025-04-27 00:12:10",
        "id": "680d765a3598d4.05730389",
        "processor_id": "admin",
        "processor_name": "OConnor",
        "process_date": "2025-04-27 00:14:50",
        "decision_history": [
            {
                "status": "accepted",
                "date": "2025-04-27 00:14:50",
                "processor_id": "admin",
                "processor_name": "OConnor",
                "comment": ""
            }
        ],
        "judgment": "",
        "acceptance_date": "2025-04-27 00:14:50",
        "date_updated": "2025-04-27 00:37:38",
        "verdict": "800$",
        "verdict_date": "2025-04-27",
        "verdict_by": "admin",
        "verdict_by_name": "OConnor"
    },
    {
        "case_id": "004",
        "content": "Klageschrift\r\n\r\nAngeklagter: Peter Pan\r\nAnklage: Diebstahl\r\nVorfalldatum: 09.04.2025\r\nBezirk: East\r\n\r\nSACHVERHALT:\r\n[Beschreiben Sie hier den Sachverhalt]\r\n\r\nTATBESTAND:\r\n[Beschreiben Sie hier den Tatbestand]\r\n\r\nBEGR\u00dcNDUNG:\r\n[Geben Sie hier die rechtliche Begr\u00fcndung an]\r\n\r\nANTRAG:\r\nDer Angeklagte, Peter Pan, wird wegen Diebstahl angeklagt.\r\n\r\nDatum: 27.04.2025\r\n\r\nOConnor\nDepartment of Justice - Systemadministrator\n27.04.2025\r\n(Staatsanwalt)",
        "prosecutor_id": "admin",
        "prosecutor_name": "OConnor",
        "status": "accepted",
        "date_created": "2025-04-27 20:57:35",
        "id": "680e9a3f884960.40393441",
        "processor_id": "admin",
        "processor_name": "OConnor",
        "process_date": "2025-04-27 20:57:52",
        "decision_history": [
            {
                "status": "accepted",
                "date": "2025-04-27 20:57:52",
                "processor_id": "admin",
                "processor_name": "OConnor",
                "comment": ""
            }
        ],
        "judgment": "",
        "acceptance_date": "2025-04-27 20:57:52",
        "date_updated": "2025-04-27 20:57:52"
    },
    {
        "case_id": "003",
        "content": "Klageschrift\r\n\r\nAngeklagter: Peter Pan\r\nAnklage: Diebstahl\r\nVorfalldatum: 19.04.2025\r\nBezirk: Ost\r\n\r\nSACHVERHALT:\r\n[Beschreiben Sie hier den Sachverhalt]\r\n\r\nTATBESTAND:\r\n[Beschreiben Sie hier den Tatbestand]\r\n\r\nBEGR\u00dcNDUNG:\r\n[Geben Sie hier die rechtliche Begr\u00fcndung an]\r\n\r\nANTRAG:\r\nDer Angeklagte, Peter Pan, wird wegen Diebstahl angeklagt.\r\n\r\nDatum: 28.04.2025\r\n\r\nOConnor\nDepartment of Justice - Systemadministrator\n28.04.2025\r\n(Staatsanwalt)",
        "prosecutor_id": "admin",
        "prosecutor_name": "OConnor",
        "status": "accepted",
        "date_created": "2025-04-28 00:11:50",
        "id": "680ec7c62f9348.70808182",
        "processor_id": "admin",
        "processor_name": "OConnor",
        "process_date": "2025-04-28 00:12:24",
        "decision_history": [
            {
                "status": "accepted",
                "date": "2025-04-28 00:12:24",
                "processor_id": "admin",
                "processor_name": "OConnor",
                "comment": ""
            }
        ],
        "judgment": "",
        "acceptance_date": "2025-04-28 00:12:24",
        "date_updated": "2025-04-28 00:12:24"
    },
    {
        "case_id": "007",
        "content": "Klageschrift\r\n\r\nAngeklagter: Der ist schuldig\r\nAnklage: Diebstahl\r\nVorfalldatum: 19.04.2025\r\nBezirk: Ost\r\n\r\nSACHVERHALT:\r\n[Beschreiben Sie hier den Sachverhalt]\r\n\r\nTATBESTAND:\r\n[Beschreiben Sie hier den Tatbestand]\r\n\r\nBEGR\u00dcNDUNG:\r\n[Geben Sie hier die rechtliche Begr\u00fcndung an]\r\n\r\nANTRAG:\r\nDer Angeklagte, Der ist schuldig, wird wegen Diebstahl angeklagt.\r\n\r\nDatum: 28.04.2025\r\n\r\nOConnor\nDepartment of Justice - Systemadministrator\n28.04.2025\r\n(Staatsanwalt)",
        "prosecutor_id": "admin",
        "prosecutor_name": "OConnor",
        "status": "completed",
        "date_created": "2025-04-28 00:19:53",
        "id": "680ec9a94222b9.90762699",
        "processor_id": "admin",
        "processor_name": "OConnor",
        "process_date": "2025-04-28 00:20:20",
        "judge_id": "admin",
        "judge_name": "OConnor",
        "decision_history": [
            {
                "status": "accepted",
                "date": "2025-04-28 00:20:20",
                "processor_id": "admin",
                "processor_name": "OConnor",
                "comment": ""
            }
        ],
        "judgment": "",
        "acceptance_date": "2025-04-28 00:20:20",
        "date_updated": "2025-04-28 10:19:18",
        "trial_date": "2025-04-28 10:00:00",
        "trial_notes": "",
        "scheduled_by": "admin",
        "scheduled_by_name": "OConnor",
        "verdict": "Das ist ein Urteil",
        "verdict_date": "2025-04-28",
        "verdict_by": "admin",
        "verdict_by_name": "OConnor"
    },
    {
        "case_id": "123",
        "content": "KLAGESCHRIFT\r\n\r\nIn der Strafsache gegen\r\nPeter Pan\r\n\r\nwegen\r\nDiebstahl\r\n\r\nerhebt die Staatsanwaltschaft die \u00f6ffentliche Klage und beschuldigt den Angeklagten,\r\n\r\n[Sachverhalt einf\u00fcgen]\r\n\r\ngezeichnet,\r\nRhodes\nAttorney General\n30.04.2025",
        "prosecutor_id": "68123a48081370.56822649",
        "prosecutor_name": "Rhodes",
        "status": "pending",
        "date_created": "2025-04-30 16:23:36",
        "id": "68124e881d4484.19676978"
    },
    {
        "case_id": "013",
        "content": "KLAGESCHRIFT\r\n\r\nGegen: Der ist schuldig\r\n\r\nVerbrechen: Mord\r\nDatum des Verbrechens: 30.04.2025\r\nOrt des Verbrechens: Ost\r\n\r\nBeschreibung des Sachverhalts:\r\n[Detaillierte Beschreibung des Sachverhalts einf\u00fcgen]\r\n\r\nDer Angeklagte wird hiermit beschuldigt, am 30.04.2025 in Ost [Beschreibung der kriminellen Handlung] begangen zu haben, was einen Versto\u00df gegen [relevantes Gesetz\/Paragraf] darstellt.\r\n\r\nDie Staatsanwaltschaft ersucht um Anklageerhebung.\r\n\r\nDatum: 30.04.2025\r\n\r\nRhodes\nAttorney General\n30.04.2025",
        "prosecutor_id": "68123a48081370.56822649",
        "prosecutor_name": "Rhodes",
        "status": "scheduled",
        "date_created": "2025-04-30 16:33:42",
        "id": "681250e6b4bf90.45800556",
        "processor_id": "admin",
        "processor_name": "OConnor",
        "process_date": "2025-04-30 17:28:58",
        "judge_id": "admin",
        "judge_name": "OConnor",
        "decision_history": [
            {
                "status": "accepted",
                "date": "2025-04-30 17:28:58",
                "processor_id": "admin",
                "processor_name": "OConnor",
                "comment": ""
            }
        ],
        "judgment": "",
        "acceptance_date": "2025-04-30 17:28:58",
        "date_updated": "2025-04-30 18:26:25",
        "trial_date": "2025-05-07 10:00:00",
        "trial_notes": "",
        "scheduled_by": "admin",
        "scheduled_by_name": "OConnor"
    }
]