[
    {
        "id": "administrator",
        "name": "Administrator",
        "description": "Systemadministrator mit vollständigem Zugriff",
        "category": "Administration",
        "date_created": "2025-04-30 00:00:00",
        "permissions": {
            "admin": {
                "view": true,
                "create": true,
                "edit": true,
                "delete": true
            },
            "users": {
                "view": true,
                "create": true,
                "edit": true,
                "delete": true
            },
            "roles": {
                "view": true,
                "create": true,
                "edit": true,
                "delete": true
            },
            "cases": {
                "view": true,
                "create": true,
                "edit": true,
                "delete": true
            },
            "defendants": {
                "view": true,
                "create": true,
                "edit": true,
                "delete": true
            },
            "indictments": {
                "view": true,
                "create": true,
                "edit": true,
                "delete": true
            },
            "appeals": {
                "view": true,
                "create": true,
                "edit": true,
                "delete": true
            },
            "files": {
                "view": true,
                "create": true,
                "edit": true,
                "delete": true
            },
            "templates": {
                "view": true,
                "create": true,
                "edit": true,
                "delete": true
            },
            "staff": {
                "view": true,
                "create": true,
                "edit": true,
                "delete": true
            },
            "trainings": {
                "view": true,
                "create": true,
                "edit": true,
                "delete": true
            },
            "vacation": {
                "view": true,
                "create": true,
                "edit": true,
                "delete": true
            },
            "seized_assets": {
                "view": true,
                "create": true,
                "edit": true,
                "delete": true
            },
            "equipment": {
                "view": true,
                "create": true,
                "edit": true,
                "delete": true
            },
            "address_book": {
                "view": true,
                "create": true,
                "edit": true,
                "delete": true
            },
            "duty_log": {
                "view": true,
                "create": true,
                "edit": true,
                "delete": true
            },
            "calendar": {
                "view": true,
                "create": true,
                "edit": true,
                "delete": true
            },
            "notes": {
                "view": true,
                "create": true,
                "edit": true,
                "delete": true
            }
        }
    },
    {
        "id": "chief_justice",
        "name": "Chief Justice",
        "description": "Oberster Richter mit vollständigem Zugriff",
        "category": "Leitungsebene",
        "date_created": "2025-04-30 00:00:00",
        "permissions": {
            "admin": {
                "view": true,
                "create": true,
                "edit": true,
                "delete": true
            },
            "users": {
                "view": true,
                "create": true,
                "edit": true,
                "delete": true
            },
            "roles": {
                "view": true,
                "create": true,
                "edit": true,
                "delete": true
            },
            "cases": {
                "view": true,
                "create": true,
                "edit": true,
                "delete": true
            },
            "defendants": {
                "view": true,
                "create": true,
                "edit": true,
                "delete": true
            },
            "indictments": {
                "view": true,
                "create": true,
                "edit": true,
                "delete": true,
                "approve": true,
                "reject": true,
                "schedule": true,
                "verdict": true
            },
            "appeals": {
                "view": true,
                "create": true,
                "edit": true,
                "delete": true,
                "appeal": true,
                "appeal_verdict": true
            },
            "files": {
                "view": true,
                "create": true,
                "edit": true,
                "delete": true
            },
            "templates": {
                "view": true,
                "create": true,
                "edit": true,
                "delete": true
            },
            "staff": {
                "view": true,
                "create": true,
                "edit": true,
                "delete": true
            },
            "trainings": {
                "view": true,
                "create": true,
                "edit": true,
                "delete": true,
                "assign": true
            },
            "vacation": {
                "view": true,
                "create": true,
                "edit": true,
                "delete": true,
                "approve": true,
                "reject": true
            },
            "seized_assets": {
                "view": true,
                "create": true,
                "edit": true,
                "delete": true
            },
            "equipment": {
                "view": true,
                "create": true,
                "edit": true,
                "delete": true,
                "assign": true
            },
            "address_book": {
                "view": true,
                "create": true,
                "edit": true,
                "delete": true
            },
            "duty_log": {
                "view": true,
                "create": true,
                "edit": true,
                "delete": true
            },
            "calendar": {
                "view": true,
                "create": true,
                "edit": true,
                "delete": true
            },
            "notes": {
                "view": true,
                "create": true,
                "edit": true,
                "delete": true
            }
        }
    },
    {
        "id": "senior_associate_justice",
        "name": "Senior Associate Justice",
        "description": "Stellvertretender oberster Richter mit umfassenden Rechten",
        "category": "Leitungsebene",
        "date_created": "2025-04-30 00:00:00",
        "permissions": {
            "admin": {
                "view": true,
                "create": true,
                "edit": true,
                "delete": false
            },
            "users": {
                "view": true,
                "create": true,
                "edit": true,
                "delete": false
            },
            "roles": {
                "view": true,
                "create": false,
                "edit": false,
                "delete": false
            },
            "cases": {
                "view": true,
                "create": true,
                "edit": true,
                "delete": true
            },
            "defendants": {
                "view": true,
                "create": true,
                "edit": true,
                "delete": true
            },
            "indictments": {
                "view": true,
                "create": true,
                "edit": true,
                "delete": true,
                "approve": true,
                "reject": true,
                "schedule": true,
                "verdict": true
            },
            "appeals": {
                "view": true,
                "create": true,
                "edit": true,
                "delete": true,
                "appeal": true,
                "appeal_verdict": true
            },
            "files": {
                "view": true,
                "create": true,
                "edit": true,
                "delete": true
            },
            "templates": {
                "view": true,
                "create": true,
                "edit": true,
                "delete": true
            },
            "staff": {
                "view": true,
                "create": true,
                "edit": true,
                "delete": true
            },
            "trainings": {
                "view": true,
                "create": true,
                "edit": true,
                "delete": true,
                "assign": true
            },
            "vacation": {
                "view": true,
                "create": true,
                "edit": true,
                "delete": true,
                "approve": true,
                "reject": true
            },
            "seized_assets": {
                "view": true,
                "create": true,
                "edit": true,
                "delete": true
            },
            "equipment": {
                "view": true,
                "create": true,
                "edit": true,
                "delete": true,
                "assign": true
            },
            "address_book": {
                "view": true,
                "create": true,
                "edit": true,
                "delete": true
            },
            "duty_log": {
                "view": true,
                "create": true,
                "edit": true,
                "delete": true
            },
            "calendar": {
                "view": true,
                "create": true,
                "edit": true,
                "delete": true
            },
            "notes": {
                "view": true,
                "create": true,
                "edit": true,
                "delete": true
            }
        }
    },
    {
        "id": "attorney_general",
        "name": "Attorney General",
        "description": "Leiter der Staatsanwaltschaft mit umfassenden Rechten",
        "category": "Leitungsebene",
        "date_created": "2025-04-30 00:00:00",
        "permissions": {
            "admin": {
                "view": true,
                "create": true,
                "edit": true,
                "delete": false
            },
            "users": {
                "view": true,
                "create": true,
                "edit": true,
                "delete": false
            },
            "roles": {
                "view": true,
                "create": false,
                "edit": false,
                "delete": false
            },
            "cases": {
                "view": true,
                "create": true,
                "edit": true,
                "delete": true
            },
            "defendants": {
                "view": true,
                "create": true,
                "edit": true,
                "delete": true
            },
            "indictments": {
                "view": true,
                "create": true,
                "edit": true,
                "delete": true,
                "approve": true,
                "reject": true,
                "schedule": true,
                "verdict": true
            },
            "appeals": {
                "view": true,
                "create": true,
                "edit": true,
                "delete": true,
                "appeal": true,
                "appeal_verdict": true
            },
            "files": {
                "view": true,
                "create": true,
                "edit": true,
                "delete": true
            },
            "templates": {
                "view": true,
                "create": true,
                "edit": true,
                "delete": true
            },
            "staff": {
                "view": true,
                "create": true,
                "edit": true,
                "delete": true
            },
            "trainings": {
                "view": true,
                "create": true,
                "edit": true,
                "delete": true,
                "assign": true
            },
            "vacation": {
                "view": true,
                "create": true,
                "edit": true,
                "delete": true,
                "approve": true,
                "reject": true
            },
            "seized_assets": {
                "view": true,
                "create": true,
                "edit": true,
                "delete": true
            },
            "equipment": {
                "view": true,
                "create": true,
                "edit": true,
                "delete": true,
                "assign": true
            },
            "address_book": {
                "view": true,
                "create": true,
                "edit": true,
                "delete": true
            },
            "duty_log": {
                "view": true,
                "create": true,
                "edit": true,
                "delete": true
            },
            "calendar": {
                "view": true,
                "create": true,
                "edit": true,
                "delete": true
            },
            "notes": {
                "view": true,
                "create": true,
                "edit": true,
                "delete": true
            }
        }
    },
    {
        "id": "administrative_assistant",
        "name": "Administrative Assistant",
        "description": "Verwaltungsassistent mit begrenzten Berechtigungen",
        "category": "Assistenz",
        "date_created": "2025-04-30 00:00:00",
        "permissions": {
            "admin": {
                "view": false,
                "create": false,
                "edit": false,
                "delete": false
            },
            "cases": {
                "view": true,
                "create": true,
                "edit": true,
                "delete": false
            },
            "defendants": {
                "view": true,
                "create": true,
                "edit": true,
                "delete": false
            },
            "indictments": {
                "view": true,
                "create": false,
                "edit": false,
                "delete": false
            },
            "appeals": {
                "view": true,
                "create": false,
                "edit": false,
                "delete": false
            },
            "files": {
                "view": true,
                "create": true,
                "edit": true,
                "delete": false
            },
            "templates": {
                "view": true,
                "create": true,
                "edit": true,
                "delete": false
            },
            "staff": {
                "view": true,
                "create": false,
                "edit": false,
                "delete": false
            },
            "trainings": {
                "view": true,
                "create": false,
                "edit": false,
                "delete": false
            },
            "vacation": {
                "view": true,
                "create": true,
                "edit": false,
                "delete": false
            },
            "seized_assets": {
                "view": true,
                "create": true,
                "edit": true,
                "delete": false
            },
            "equipment": {
                "view": true,
                "create": false,
                "edit": false,
                "delete": false
            },
            "address_book": {
                "view": true,
                "create": true,
                "edit": true,
                "delete": true
            },
            "duty_log": {
                "view": true,
                "create": true,
                "edit": true,
                "delete": true
            },
            "calendar": {
                "view": true,
                "create": true,
                "edit": true,
                "delete": true
            },
            "notes": {
                "view": true,
                "create": true,
                "edit": true,
                "delete": true
            }
        }
    },
    {
        "id": "district_court_judge",
        "name": "District Court Judge",
        "description": "Oberster Richter des District Courts",
        "category": "Richterebene",
        "date_created": "2025-04-30 00:00:00",
        "permissions": {
            "admin": {
                "view": false,
                "create": false,
                "edit": false,
                "delete": false
            },
            "cases": {
                "view": true,
                "create": true,
                "edit": true,
                "delete": false
            },
            "defendants": {
                "view": true,
                "create": true,
                "edit": true,
                "delete": false
            },
            "indictments": {
                "view": true,
                "create": false,
                "edit": true,
                "approve": true,
                "reject": true,
                "schedule": true,
                "verdict": true
            },
            "appeals": {
                "view": true,
                "create": false,
                "edit": true,
                "appeal": false,
                "appeal_verdict": true
            },
            "files": {
                "view": true,
                "create": true,
                "edit": true,
                "delete": false
            },
            "templates": {
                "view": true,
                "create": true,
                "edit": true,
                "delete": false
            },
            "staff": {
                "view": true,
                "create": false,
                "edit": false,
                "delete": false
            },
            "trainings": {
                "view": true,
                "create": true,
                "edit": true,
                "assign": true
            },
            "vacation": {
                "view": true,
                "create": true,
                "edit": false,
                "delete": false
            },
            "seized_assets": {
                "view": true,
                "create": false,
                "edit": false,
                "delete": false
            },
            "equipment": {
                "view": true,
                "create": false,
                "edit": false,
                "delete": false
            },
            "address_book": {
                "view": true,
                "create": true,
                "edit": true,
                "delete": true
            },
            "duty_log": {
                "view": true,
                "create": true,
                "edit": true,
                "delete": true
            },
            "calendar": {
                "view": true,
                "create": true,
                "edit": true,
                "delete": true
            },
            "notes": {
                "view": true,
                "create": true,
                "edit": true,
                "delete": true
            }
        }
    },
    {
        "id": "judge",
        "name": "Judge",
        "description": "Richter des District Courts",
        "category": "Richterebene",
        "date_created": "2025-04-30 00:00:00",
        "permissions": {
            "admin": {
                "view": false,
                "create": false,
                "edit": false,
                "delete": false
            },
            "cases": {
                "view": true,
                "create": true,
                "edit": true,
                "delete": false
            },
            "defendants": {
                "view": true,
                "create": true,
                "edit": true,
                "delete": false
            },
            "indictments": {
                "view": true,
                "create": false,
                "edit": true,
                "approve": true,
                "reject": true,
                "schedule": true,
                "verdict": true
            },
            "appeals": {
                "view": true,
                "create": false,
                "edit": true,
                "appeal": false,
                "appeal_verdict": true
            },
            "files": {
                "view": true,
                "create": true,
                "edit": true,
                "delete": false
            },
            "templates": {
                "view": true,
                "create": true,
                "edit": true,
                "delete": false
            },
            "staff": {
                "view": true,
                "create": false,
                "edit": false,
                "delete": false
            },
            "trainings": {
                "view": true,
                "create": false,
                "edit": false,
                "delete": false
            },
            "vacation": {
                "view": true,
                "create": true,
                "edit": false,
                "delete": false
            },
            "seized_assets": {
                "view": true,
                "create": false,
                "edit": false,
                "delete": false
            },
            "equipment": {
                "view": true,
                "create": false,
                "edit": false,
                "delete": false
            },
            "address_book": {
                "view": true,
                "create": true,
                "edit": true,
                "delete": true
            },
            "duty_log": {
                "view": true,
                "create": true,
                "edit": true,
                "delete": true
            },
            "calendar": {
                "view": true,
                "create": true,
                "edit": true,
                "delete": true
            },
            "notes": {
                "view": true,
                "create": true,
                "edit": true,
                "delete": true
            }
        }
    },
    {
        "id": "magistrate",
        "name": "Magistrate",
        "description": "Amtsrichter",
        "category": "Richterebene",
        "date_created": "2025-04-30 00:00:00",
        "permissions": {
            "admin": {
                "view": false,
                "create": false,
                "edit": false,
                "delete": false
            },
            "cases": {
                "view": true,
                "create": true,
                "edit": true,
                "delete": false
            },
            "defendants": {
                "view": true,
                "create": true,
                "edit": true,
                "delete": false
            },
            "indictments": {
                "view": true,
                "create": false,
                "edit": true,
                "approve": true,
                "reject": true,
                "schedule": true,
                "verdict": true
            },
            "appeals": {
                "view": true,
                "create": false,
                "edit": true,
                "appeal": false,
                "appeal_verdict": true
            },
            "files": {
                "view": true,
                "create": true,
                "edit": true,
                "delete": false
            },
            "templates": {
                "view": true,
                "create": true,
                "edit": true,
                "delete": false
            },
            "staff": {
                "view": true,
                "create": false,
                "edit": false,
                "delete": false
            },
            "trainings": {
                "view": true,
                "create": false,
                "edit": false,
                "delete": false
            },
            "vacation": {
                "view": true,
                "create": true,
                "edit": false,
                "delete": false
            },
            "seized_assets": {
                "view": true,
                "create": false,
                "edit": false,
                "delete": false
            },
            "equipment": {
                "view": true,
                "create": false,
                "edit": false,
                "delete": false
            },
            "address_book": {
                "view": true,
                "create": true,
                "edit": true,
                "delete": true
            },
            "duty_log": {
                "view": true,
                "create": true,
                "edit": true,
                "delete": true
            },
            "calendar": {
                "view": true,
                "create": true,
                "edit": true,
                "delete": true
            },
            "notes": {
                "view": true,
                "create": true,
                "edit": true,
                "delete": true
            }
        }
    },
    {
        "id": "junior_magistrate",
        "name": "Junior Magistrate",
        "description": "Amtsrichter in Ausbildung",
        "category": "Richterebene",
        "date_created": "2025-04-30 00:00:00",
        "permissions": {
            "admin": {
                "view": false,
                "create": false,
                "edit": false,
                "delete": false
            },
            "cases": {
                "view": true,
                "create": true,
                "edit": true,
                "delete": false
            },
            "defendants": {
                "view": true,
                "create": true,
                "edit": true,
                "delete": false
            },
            "indictments": {
                "view": true,
                "create": false,
                "edit": false
            },
            "appeals": {
                "view": true,
                "create": false,
                "edit": false
            },
            "files": {
                "view": true,
                "create": true,
                "edit": true,
                "delete": false
            },
            "templates": {
                "view": true,
                "create": false,
                "edit": false,
                "delete": false
            },
            "staff": {
                "view": true,
                "create": false,
                "edit": false,
                "delete": false
            },
            "trainings": {
                "view": true,
                "create": false,
                "edit": false,
                "delete": false
            },
            "vacation": {
                "view": true,
                "create": true,
                "edit": false,
                "delete": false
            },
            "seized_assets": {
                "view": true,
                "create": false,
                "edit": false,
                "delete": false
            },
            "equipment": {
                "view": true,
                "create": false,
                "edit": false,
                "delete": false
            },
            "address_book": {
                "view": true,
                "create": true,
                "edit": true,
                "delete": true
            },
            "duty_log": {
                "view": true,
                "create": true,
                "edit": true,
                "delete": true
            },
            "calendar": {
                "view": true,
                "create": true,
                "edit": true,
                "delete": true
            },
            "notes": {
                "view": true,
                "create": true,
                "edit": true,
                "delete": true
            }
        }
    },
    {
        "id": "district_attorney",
        "name": "District Attorney",
        "description": "Leiter der Staatsanwaltschaft des Bezirks",
        "category": "Staatsanwaltschaft",
        "date_created": "2025-04-30 00:00:00",
        "permissions": {
            "admin": {
                "view": false,
                "create": false,
                "edit": false,
                "delete": false
            },
            "cases": {
                "view": true,
                "create": true,
                "edit": true,
                "delete": false
            },
            "defendants": {
                "view": true,
                "create": true,
                "edit": true,
                "delete": false
            },
            "indictments": {
                "view": true,
                "create": true,
                "edit": true,
                "delete": false
            },
            "appeals": {
                "view": true,
                "create": true,
                "edit": true,
                "appeal": true
            },
            "files": {
                "view": true,
                "create": true,
                "edit": true,
                "delete": false
            },
            "templates": {
                "view": true,
                "create": true,
                "edit": true,
                "delete": false
            },
            "staff": {
                "view": true,
                "create": true,
                "edit": true,
                "delete": false
            },
            "trainings": {
                "view": true,
                "create": true,
                "edit": true,
                "assign": true
            },
            "vacation": {
                "view": true,
                "create": true,
                "edit": true,
                "approve": true,
                "reject": true
            },
            "seized_assets": {
                "view": true,
                "create": true,
                "edit": true,
                "delete": false
            },
            "equipment": {
                "view": true,
                "create": false,
                "edit": false,
                "delete": false
            },
            "address_book": {
                "view": true,
                "create": true,
                "edit": true,
                "delete": true
            },
            "duty_log": {
                "view": true,
                "create": true,
                "edit": true,
                "delete": true
            },
            "calendar": {
                "view": true,
                "create": true,
                "edit": true,
                "delete": true
            },
            "notes": {
                "view": true,
                "create": true,
                "edit": true,
                "delete": true
            }
        }
    },
    {
        "id": "senior_prosecutor",
        "name": "Senior Prosecutor",
        "description": "Erfahrener Staatsanwalt",
        "category": "Staatsanwaltschaft",
        "date_created": "2025-04-30 00:00:00",
        "permissions": {
            "admin": {
                "view": false,
                "create": false,
                "edit": false,
                "delete": false
            },
            "cases": {
                "view": true,
                "create": true,
                "edit": true,
                "delete": false
            },
            "defendants": {
                "view": true,
                "create": true,
                "edit": true,
                "delete": false
            },
            "indictments": {
                "view": true,
                "create": true,
                "edit": true,
                "delete": false
            },
            "appeals": {
                "view": true,
                "create": true,
                "edit": true,
                "appeal": true
            },
            "files": {
                "view": true,
                "create": true,
                "edit": true,
                "delete": false
            },
            "templates": {
                "view": true,
                "create": true,
                "edit": true,
                "delete": false
            },
            "staff": {
                "view": true,
                "create": false,
                "edit": false,
                "delete": false
            },
            "trainings": {
                "view": true,
                "create": false,
                "edit": false,
                "delete": false
            },
            "vacation": {
                "view": true,
                "create": true,
                "edit": false,
                "delete": false
            },
            "seized_assets": {
                "view": true,
                "create": true,
                "edit": true,
                "delete": false
            },
            "equipment": {
                "view": true,
                "create": false,
                "edit": false,
                "delete": false
            },
            "address_book": {
                "view": true,
                "create": true,
                "edit": true,
                "delete": true
            },
            "duty_log": {
                "view": true,
                "create": true,
                "edit": true,
                "delete": true
            },
            "calendar": {
                "view": true,
                "create": true,
                "edit": true,
                "delete": true
            },
            "notes": {
                "view": true,
                "create": true,
                "edit": true,
                "delete": true
            }
        }
    },
    {
        "id": "prosecutor",
        "name": "Prosecutor",
        "description": "Staatsanwalt",
        "category": "Staatsanwaltschaft",
        "date_created": "2025-04-30 00:00:00",
        "permissions": {
            "admin": {
                "view": false,
                "create": false,
                "edit": false,
                "delete": false
            },
            "cases": {
                "view": true,
                "create": true,
                "edit": true,
                "delete": false
            },
            "defendants": {
                "view": true,
                "create": true,
                "edit": true,
                "delete": false
            },
            "indictments": {
                "view": true,
                "create": true,
                "edit": true,
                "delete": false
            },
            "appeals": {
                "view": true,
                "create": true,
                "edit": true,
                "appeal": true
            },
            "files": {
                "view": true,
                "create": true,
                "edit": true,
                "delete": false
            },
            "templates": {
                "view": true,
                "create": true,
                "edit": true,
                "delete": false
            },
            "staff": {
                "view": true,
                "create": false,
                "edit": false,
                "delete": false
            },
            "trainings": {
                "view": true,
                "create": false,
                "edit": false,
                "delete": false
            },
            "vacation": {
                "view": true,
                "create": true,
                "edit": false,
                "delete": false
            },
            "seized_assets": {
                "view": true,
                "create": true,
                "edit": true,
                "delete": false
            },
            "equipment": {
                "view": true,
                "create": false,
                "edit": false,
                "delete": false
            },
            "address_book": {
                "view": true,
                "create": true,
                "edit": true,
                "delete": true
            },
            "duty_log": {
                "view": true,
                "create": true,
                "edit": true,
                "delete": true
            },
            "calendar": {
                "view": true,
                "create": true,
                "edit": true,
                "delete": true
            },
            "notes": {
                "view": true,
                "create": true,
                "edit": true,
                "delete": true
            }
        }
    },
    {
        "id": "junior_prosecutor",
        "name": "Junior Prosecutor",
        "description": "Staatsanwalt in Ausbildung",
        "category": "Staatsanwaltschaft",
        "date_created": "2025-04-30 00:00:00",
        "permissions": {
            "admin": {
                "view": false,
                "create": false,
                "edit": false,
                "delete": false
            },
            "cases": {
                "view": true,
                "create": true,
                "edit": true,
                "delete": false
            },
            "defendants": {
                "view": true,
                "create": true,
                "edit": true,
                "delete": false
            },
            "indictments": {
                "view": true,
                "create": true,
                "edit": true,
                "delete": false
            },
            "appeals": {
                "view": true,
                "create": true,
                "edit": true,
                "appeal": true
            },
            "files": {
                "view": true,
                "create": true,
                "edit": true,
                "delete": false
            },
            "templates": {
                "view": true,
                "create": false,
                "edit": false,
                "delete": false
            },
            "staff": {
                "view": true,
                "create": false,
                "edit": false,
                "delete": false
            },
            "trainings": {
                "view": true,
                "create": false,
                "edit": false,
                "delete": false
            },
            "vacation": {
                "view": true,
                "create": true,
                "edit": false,
                "delete": false
            },
            "seized_assets": {
                "view": true,
                "create": true,
                "edit": true,
                "delete": false
            },
            "equipment": {
                "view": true,
                "create": false,
                "edit": false,
                "delete": false
            },
            "address_book": {
                "view": true,
                "create": true,
                "edit": true,
                "delete": true
            },
            "duty_log": {
                "view": true,
                "create": true,
                "edit": true,
                "delete": true
            },
            "calendar": {
                "view": true,
                "create": true,
                "edit": true,
                "delete": true
            },
            "notes": {
                "view": true,
                "create": true,
                "edit": true,
                "delete": true
            }
        }
    },
    {
        "id": "student",
        "name": "Student",
        "description": "Jurastudent in Ausbildung",
        "category": "Staatsanwaltschaft",
        "date_created": "2025-04-30 00:00:00",
        "permissions": {
            "admin": {
                "view": false,
                "create": false,
                "edit": false,
                "delete": false
            },
            "cases": {
                "view": true,
                "create": false,
                "edit": false,
                "delete": false
            },
            "defendants": {
                "view": true,
                "create": false,
                "edit": false,
                "delete": false
            },
            "indictments": {
                "view": true,
                "create": false,
                "edit": false,
                "delete": false
            },
            "appeals": {
                "view": true,
                "create": false,
                "edit": false
            },
            "files": {
                "view": true,
                "create": false,
                "edit": false,
                "delete": false
            },
            "templates": {
                "view": true,
                "create": false,
                "edit": false,
                "delete": false
            },
            "staff": {
                "view": true,
                "create": false,
                "edit": false,
                "delete": false
            },
            "trainings": {
                "view": true,
                "create": false,
                "edit": false,
                "delete": false
            },
            "vacation": {
                "view": true,
                "create": true,
                "edit": false,
                "delete": false
            },
            "seized_assets": {
                "view": true,
                "create": false,
                "edit": false,
                "delete": false
            },
            "equipment": {
                "view": true,
                "create": false,
                "edit": false,
                "delete": false
            },
            "address_book": {
                "view": true,
                "create": true,
                "edit": true,
                "delete": true
            },
            "duty_log": {
                "view": true,
                "create": true,
                "edit": true,
                "delete": true
            },
            "calendar": {
                "view": true,
                "create": true,
                "edit": true,
                "delete": true
            },
            "notes": {
                "view": true,
                "create": true,
                "edit": true,
                "delete": true
            }
        }
    },
    {
        "id": "director",
        "name": "Director",
        "description": "Leiter des U.S. Marshal Service",
        "category": "U.S. Marshal Service",
        "date_created": "2025-04-30 00:00:00",
        "permissions": {
            "admin": {
                "view": false,
                "create": false,
                "edit": false,
                "delete": false
            },
            "cases": {
                "view": true,
                "create": false,
                "edit": false,
                "delete": false
            },
            "defendants": {
                "view": true,
                "create": false,
                "edit": false,
                "delete": false
            },
            "indictments": {
                "view": true,
                "create": false,
                "edit": false,
                "delete": false
            },
            "appeals": {
                "view": true,
                "create": false,
                "edit": false
            },
            "files": {
                "view": true,
                "create": false,
                "edit": false,
                "delete": false
            },
            "templates": {
                "view": true,
                "create": false,
                "edit": false,
                "delete": false
            },
            "staff": {
                "view": true,
                "create": true,
                "edit": true,
                "delete": false
            },
            "trainings": {
                "view": true,
                "create": true,
                "edit": true,
                "assign": true
            },
            "vacation": {
                "view": true,
                "create": true,
                "edit": true,
                "approve": true,
                "reject": true
            },
            "seized_assets": {
                "view": true,
                "create": true,
                "edit": true,
                "delete": false
            },
            "equipment": {
                "view": true,
                "create": true,
                "edit": true,
                "assign": true
            },
            "address_book": {
                "view": true,
                "create": true,
                "edit": true,
                "delete": true
            },
            "duty_log": {
                "view": true,
                "create": true,
                "edit": true,
                "delete": true
            },
            "calendar": {
                "view": true,
                "create": true,
                "edit": true,
                "delete": true
            },
            "notes": {
                "view": true,
                "create": true,
                "edit": true,
                "delete": true
            }
        }
    },
    {
        "id": "commander",
        "name": "Commander",
        "description": "Kommandant des U.S. Marshal Service",
        "category": "U.S. Marshal Service",
        "date_created": "2025-04-30 00:00:00",
        "permissions": {
            "admin": {
                "view": false,
                "create": false,
                "edit": false,
                "delete": false
            },
            "cases": {
                "view": true,
                "create": false,
                "edit": false,
                "delete": false
            },
            "defendants": {
                "view": true,
                "create": false,
                "edit": false,
                "delete": false
            },
            "indictments": {
                "view": true,
                "create": false,
                "edit": false,
                "delete": false
            },
            "appeals": {
                "view": true,
                "create": false,
                "edit": false
            },
            "files": {
                "view": true,
                "create": false,
                "edit": false,
                "delete": false
            },
            "templates": {
                "view": true,
                "create": false,
                "edit": false,
                "delete": false
            },
            "staff": {
                "view": true,
                "create": true,
                "edit": true,
                "delete": false
            },
            "trainings": {
                "view": true,
                "create": true,
                "edit": true,
                "assign": true
            },
            "vacation": {
                "view": true,
                "create": true,
                "edit": true,
                "approve": true,
                "reject": true
            },
            "seized_assets": {
                "view": true,
                "create": true,
                "edit": true,
                "delete": false
            },
            "equipment": {
                "view": true,
                "create": true,
                "edit": true,
                "assign": true
            },
            "address_book": {
                "view": true,
                "create": true,
                "edit": true,
                "delete": true
            },
            "duty_log": {
                "view": true,
                "create": true,
                "edit": true,
                "delete": true
            },
            "calendar": {
                "view": true,
                "create": true,
                "edit": true,
                "delete": true
            },
            "notes": {
                "view": true,
                "create": true,
                "edit": true,
                "delete": true
            }
        }
    },
    {
        "id": "senior_deputy",
        "name": "Senior Deputy",
        "description": "Erfahrener Deputy des U.S. Marshal Service",
        "category": "U.S. Marshal Service",
        "date_created": "2025-04-30 00:00:00",
        "permissions": {
            "admin": {
                "view": false,
                "create": false,
                "edit": false,
                "delete": false
            },
            "cases": {
                "view": true,
                "create": false,
                "edit": false,
                "delete": false
            },
            "defendants": {
                "view": true,
                "create": false,
                "edit": false,
                "delete": false
            },
            "indictments": {
                "view": true,
                "create": false,
                "edit": false,
                "delete": false
            },
            "appeals": {
                "view": true,
                "create": false,
                "edit": false
            },
            "files": {
                "view": true,
                "create": false,
                "edit": false,
                "delete": false
            },
            "templates": {
                "view": true,
                "create": false,
                "edit": false,
                "delete": false
            },
            "staff": {
                "view": true,
                "create": true,
                "edit": true,
                "delete": false
            },
            "trainings": {
                "view": true,
                "create": true,
                "edit": true,
                "assign": true
            },
            "vacation": {
                "view": true,
                "create": true,
                "edit": false,
                "delete": false
            },
            "seized_assets": {
                "view": true,
                "create": true,
                "edit": true,
                "delete": false
            },
            "equipment": {
                "view": true,
                "create": true,
                "edit": true,
                "assign": true
            },
            "address_book": {
                "view": true,
                "create": true,
                "edit": true,
                "delete": true
            },
            "duty_log": {
                "view": true,
                "create": true,
                "edit": true,
                "delete": true
            },
            "calendar": {
                "view": true,
                "create": true,
                "edit": true,
                "delete": true
            },
            "notes": {
                "view": true,
                "create": true,
                "edit": true,
                "delete": true
            }
        }
    },
    {
        "id": "deputy",
        "name": "Deputy",
        "description": "Deputy des U.S. Marshal Service",
        "category": "U.S. Marshal Service",
        "date_created": "2025-04-30 00:00:00",
        "permissions": {
            "admin": {
                "view": false,
                "create": false,
                "edit": false,
                "delete": false
            },
            "cases": {
                "view": true,
                "create": false,
                "edit": false,
                "delete": false
            },
            "defendants": {
                "view": true,
                "create": false,
                "edit": false,
                "delete": false
            },
            "indictments": {
                "view": true,
                "create": false,
                "edit": false,
                "delete": false
            },
            "appeals": {
                "view": true,
                "create": false,
                "edit": false
            },
            "files": {
                "view": true,
                "create": false,
                "edit": false,
                "delete": false
            },
            "templates": {
                "view": true,
                "create": false,
                "edit": false,
                "delete": false
            },
            "staff": {
                "view": true,
                "create": false,
                "edit": false,
                "delete": false
            },
            "trainings": {
                "view": true,
                "create": false,
                "edit": false,
                "delete": false
            },
            "vacation": {
                "view": true,
                "create": true,
                "edit": false,
                "delete": false
            },
            "seized_assets": {
                "view": true,
                "create": true,
                "edit": true,
                "delete": false
            },
            "equipment": {
                "view": true,
                "create": false,
                "edit": false,
                "delete": false
            },
            "address_book": {
                "view": true,
                "create": true,
                "edit": true,
                "delete": true
            },
            "duty_log": {
                "view": true,
                "create": true,
                "edit": true,
                "delete": true
            },
            "calendar": {
                "view": true,
                "create": true,
                "edit": true,
                "delete": true
            },
            "notes": {
                "view": true,
                "create": true,
                "edit": true,
                "delete": true
            }
        }
    },
    {
        "id": "junior_deputy",
        "name": "Junior Deputy",
        "description": "Deputy in Ausbildung",
        "category": "U.S. Marshal Service",
        "date_created": "2025-04-30 00:00:00",
        "permissions": {
            "admin": {
                "view": false,
                "create": false,
                "edit": false,
                "delete": false
            },
            "cases": {
                "view": true,
                "create": false,
                "edit": false,
                "delete": false
            },
            "defendants": {
                "view": true,
                "create": false,
                "edit": false,
                "delete": false
            },
            "indictments": {
                "view": true,
                "create": false,
                "edit": false,
                "delete": false
            },
            "appeals": {
                "view": true,
                "create": false,
                "edit": false
            },
            "files": {
                "view": true,
                "create": false,
                "edit": false,
                "delete": false
            },
            "templates": {
                "view": true,
                "create": false,
                "edit": false,
                "delete": false
            },
            "staff": {
                "view": true,
                "create": false,
                "edit": false,
                "delete": false
            },
            "trainings": {
                "view": true,
                "create": false,
                "edit": false,
                "delete": false
            },
            "vacation": {
                "view": true,
                "create": true,
                "edit": false,
                "delete": false
            },
            "seized_assets": {
                "view": true,
                "create": true,
                "edit": false,
                "delete": false
            },
            "equipment": {
                "view": true,
                "create": false,
                "edit": false,
                "delete": false
            },
            "address_book": {
                "view": true,
                "create": true,
                "edit": true,
                "delete": true
            },
            "duty_log": {
                "view": true,
                "create": true,
                "edit": true,
                "delete": true
            },
            "calendar": {
                "view": true,
                "create": true,
                "edit": true,
                "delete": true
            },
            "notes": {
                "view": true,
                "create": true,
                "edit": true,
                "delete": true
            }
        }
    },
    {
        "id": "trainee",
        "name": "Trainee",
        "description": "Auszubildender des U.S. Marshal Service",
        "category": "U.S. Marshal Service",
        "date_created": "2025-04-30 00:00:00",
        "permissions": {
            "admin": {
                "view": false,
                "create": false,
                "edit": false,
                "delete": false
            },
            "cases": {
                "view": true,
                "create": false,
                "edit": false,
                "delete": false
            },
            "defendants": {
                "view": true,
                "create": false,
                "edit": false,
                "delete": false
            },
            "indictments": {
                "view": true,
                "create": false,
                "edit": false,
                "delete": false
            },
            "appeals": {
                "view": true,
                "create": false,
                "edit": false
            },
            "files": {
                "view": true,
                "create": false,
                "edit": false,
                "delete": false
            },
            "templates": {
                "view": true,
                "create": false,
                "edit": false,
                "delete": false
            },
            "staff": {
                "view": true,
                "create": false,
                "edit": false,
                "delete": false
            },
            "trainings": {
                "view": true,
                "create": false,
                "edit": false,
                "delete": false
            },
            "vacation": {
                "view": true,
                "create": true,
                "edit": false,
                "delete": false
            },
            "seized_assets": {
                "view": true,
                "create": false,
                "edit": false,
                "delete": false
            },
            "equipment": {
                "view": true,
                "create": false,
                "edit": false,
                "delete": false
            },
            "address_book": {
                "view": true,
                "create": true,
                "edit": true,
                "delete": true
            },
            "duty_log": {
                "view": true,
                "create": true,
                "edit": true,
                "delete": true
            },
            "calendar": {
                "view": true,
                "create": true,
                "edit": true,
                "delete": true
            },
            "notes": {
                "view": true,
                "create": true,
                "edit": true,
                "delete": true
            }
        }
    },
    {
        "id": "president",
        "name": "U.S. Präsident",
        "description": "Präsident der Vereinigten Staaten",
        "category": "Externe Personen",
        "date_created": "2025-04-30 00:00:00",
        "permissions": {
            "admin": {
                "view": false,
                "create": false,
                "edit": false,
                "delete": false
            },
            "cases": {
                "view": true,
                "create": false,
                "edit": false,
                "delete": false
            },
            "defendants": {
                "view": true,
                "create": false,
                "edit": false,
                "delete": false
            },
            "indictments": {
                "view": true,
                "create": false,
                "edit": false,
                "delete": false
            },
            "appeals": {
                "view": true,
                "create": false,
                "edit": false
            },
            "files": {
                "view": true,
                "create": false,
                "edit": false,
                "delete": false
            },
            "templates": {
                "view": true,
                "create": false,
                "edit": false,
                "delete": false
            },
            "staff": {
                "view": true,
                "create": false,
                "edit": false,
                "delete": false
            },
            "trainings": {
                "view": true,
                "create": false,
                "edit": false,
                "delete": false
            },
            "vacation": {
                "view": false,
                "create": false,
                "edit": false,
                "delete": false
            },
            "seized_assets": {
                "view": true,
                "create": false,
                "edit": false,
                "delete": false
            },
            "equipment": {
                "view": true,
                "create": false,
                "edit": false,
                "delete": false
            },
            "address_book": {
                "view": true,
                "create": false,
                "edit": false,
                "delete": false
            },
            "duty_log": {
                "view": true,
                "create": false,
                "edit": false,
                "delete": false
            },
            "calendar": {
                "view": true,
                "create": false,
                "edit": false,
                "delete": false
            },
            "notes": {
                "view": true,
                "create": false,
                "edit": false,
                "delete": false
            }
        }
    },
    {
        "id": "secretary",
        "name": "Staatssekretär",
        "description": "Staatssekretär im Department of Justice",
        "category": "Externe Personen",
        "date_created": "2025-04-30 00:00:00",
        "permissions": {
            "admin": {
                "view": false,
                "create": false,
                "edit": false,
                "delete": false
            },
            "cases": {
                "view": true,
                "create": false,
                "edit": false,
                "delete": false
            },
            "defendants": {
                "view": true,
                "create": false,
                "edit": false,
                "delete": false
            },
            "indictments": {
                "view": true,
                "create": false,
                "edit": false,
                "delete": false
            },
            "appeals": {
                "view": true,
                "create": false,
                "edit": false
            },
            "files": {
                "view": true,
                "create": false,
                "edit": false,
                "delete": false
            },
            "templates": {
                "view": true,
                "create": false,
                "edit": false,
                "delete": false
            },
            "staff": {
                "view": true,
                "create": false,
                "edit": false,
                "delete": false
            },
            "trainings": {
                "view": true,
                "create": false,
                "edit": false,
                "delete": false
            },
            "vacation": {
                "view": false,
                "create": false,
                "edit": false,
                "delete": false
            },
            "seized_assets": {
                "view": true,
                "create": false,
                "edit": false,
                "delete": false
            },
            "equipment": {
                "view": true,
                "create": false,
                "edit": false,
                "delete": false
            },
            "address_book": {
                "view": true,
                "create": false,
                "edit": false,
                "delete": false
            },
            "duty_log": {
                "view": true,
                "create": false,
                "edit": false,
                "delete": false
            },
            "calendar": {
                "view": true,
                "create": false,
                "edit": false,
                "delete": false
            },
            "notes": {
                "view": true,
                "create": false,
                "edit": false,
                "delete": false
            }
        }
    },
    {
        "id": "army",
        "name": "Army",
        "description": "Mitglied der U.S. Army",
        "category": "Externe Personen",
        "date_created": "2025-04-30 00:00:00",
        "permissions": {
            "admin": {
                "view": false,
                "create": false,
                "edit": false,
                "delete": false
            },
            "cases": {
                "view": true,
                "create": false,
                "edit": false,
                "delete": false
            },
            "defendants": {
                "view": true,
                "create": false,
                "edit": false,
                "delete": false
            },
            "indictments": {
                "view": true,
                "create": false,
                "edit": false,
                "delete": false
            },
            "appeals": {
                "view": true,
                "create": false,
                "edit": false
            },
            "files": {
                "view": true,
                "create": false,
                "edit": false,
                "delete": false
            },
            "templates": {
                "view": true,
                "create": false,
                "edit": false,
                "delete": false
            },
            "staff": {
                "view": true,
                "create": false,
                "edit": false,
                "delete": false
            },
            "trainings": {
                "view": true,
                "create": false,
                "edit": false,
                "delete": false
            },
            "vacation": {
                "view": false,
                "create": false,
                "edit": false,
                "delete": false
            },
            "seized_assets": {
                "view": true,
                "create": false,
                "edit": false,
                "delete": false
            },
            "equipment": {
                "view": true,
                "create": false,
                "edit": false,
                "delete": false
            },
            "address_book": {
                "view": true,
                "create": false,
                "edit": false,
                "delete": false
            },
            "duty_log": {
                "view": true,
                "create": false,
                "edit": false,
                "delete": false
            },
            "calendar": {
                "view": true,
                "create": false,
                "edit": false,
                "delete": false
            },
            "notes": {
                "view": true,
                "create": false,
                "edit": false,
                "delete": false
            }
        }
    },
    {
        "id": "sheriff",
        "name": "Sheriff",
        "description": "Sheriff eines Countys",
        "category": "Externe Personen",
        "date_created": "2025-04-30 00:00:00",
        "permissions": {
            "admin": {
                "view": false,
                "create": false,
                "edit": false,
                "delete": false
            },
            "cases": {
                "view": true,
                "create": false,
                "edit": false,
                "delete": false
            },
            "defendants": {
                "view": true,
                "create": false,
                "edit": false,
                "delete": false
            },
            "indictments": {
                "view": true,
                "create": false,
                "edit": false,
                "delete": false
            },
            "appeals": {
                "view": true,
                "create": false,
                "edit": false
            },
            "files": {
                "view": true,
                "create": false,
                "edit": false,
                "delete": false
            },
            "templates": {
                "view": true,
                "create": false,
                "edit": false,
                "delete": false
            },
            "staff": {
                "view": true,
                "create": false,
                "edit": false,
                "delete": false
            },
            "trainings": {
                "view": true,
                "create": false,
                "edit": false,
                "delete": false
            },
            "vacation": {
                "view": false,
                "create": false,
                "edit": false,
                "delete": false
            },
            "seized_assets": {
                "view": true,
                "create": false,
                "edit": false,
                "delete": false
            },
            "equipment": {
                "view": true,
                "create": false,
                "edit": false,
                "delete": false
            },
            "address_book": {
                "view": true,
                "create": false,
                "edit": false,
                "delete": false
            },
            "duty_log": {
                "view": true,
                "create": false,
                "edit": false,
                "delete": false
            },
            "calendar": {
                "view": true,
                "create": false,
                "edit": false,
                "delete": false
            },
            "notes": {
                "view": true,
                "create": false,
                "edit": false,
                "delete": false
            }
        }
    }
]