[
    {
        "id": 2,
        "service": "Grundbucheintrag",
        "description": "Eintragung oder \u00c4nderung im Grundbuch",
        "price": 100,
        "process_time": "3 Tage",
        "notes": "Eigentumsnachweis erforderlich"
    },
    {
        "id": 3,
        "service": "Waffenschein",
        "description": "Genehmigung zum F\u00fchren einer Waffe",
        "price": 150,
        "process_time": "5 Tage",
        "notes": "Nur f\u00fcr unbescholtene B\u00fcrger"
    },
    {
        "id": 4,
        "service": "Heirat",
        "description": "Bla",
        "price": 100,
        "process_time": "Sofort",
        "notes": ""
    }
]