[
    {
        "id": "680f707df120f8.94177005",
        "title": "Rechtsgrundlagen 1",
        "description": "",
        "category_id": "680f7031a6b513.99079278",
        "type": "file",
        "created_by": "admin",
        "date_created": "2025-04-28 12:11:41",
        "date_updated": "2025-04-28 12:11:41",
        "file_path": "uploads\/trainings\/training_680f707df10319.43689156.pdf"
    },
    {
        "id": "680f72a7dc9b26.10829421",
        "title": "test",
        "description": "",
        "category_id": "680f7031a6b513.99079278",
        "type": "file",
        "created_by": "admin",
        "date_created": "2025-04-28 12:20:55",
        "date_updated": "2025-04-28 12:20:55",
        "file_path": "uploads\/trainings\/training_680f72a7dc7652.33937772.pdf"
    }
]