[
    {
        "id": "680f72cfe7cf79.65452678",
        "staff_id": "680f6a0b933759.82350730",
        "material_id": "680f707df120f8.94177005",
        "status": "Ausstehend",
        "completion_date": "",
        "notes": "",
        "assigned_by": "admin",
        "date_assigned": "2025-04-28 12:21:35"
    },
    {
        "id": "680f76a3ea5479.68635532",
        "staff_id": "680f6a0b933759.82350730",
        "material_id": "680f72a7dc9b26.10829421",
        "status": "Ausstehend",
        "completion_date": "",
        "notes": "",
        "assigned_by": "admin",
        "date_assigned": "2025-04-28 12:37:55"
    }
]