[
    {
        "id": "680d12e424c7e6.24424782",
        "user_id": "admin",
        "user_name": "OConnor",
        "start_date": "2025-04-28",
        "end_date": "2025-04-30",
        "reason": "BLA",
        "status": "approved",
        "date_requested": "2025-04-26 17:07:48",
        "date_created": "2025-04-26 17:07:48",
        "reviewed_by": "admin",
        "reviewed_by_name": "OConnor",
        "review_date": "2025-04-26 17:08:10",
        "review_notes": "",
        "date_updated": "2025-04-26 17:08:10"
    },
    {
        "id": "680d44dd83f431.88562162",
        "user_id": "admin",
        "user_name": "OConnor",
        "start_date": "2025-05-05",
        "end_date": "2025-05-10",
        "reason": "Family",
        "status": "approved",
        "date_requested": "2025-04-26 20:41:01",
        "date_created": "2025-04-26 20:41:01",
        "reviewed_by": "admin",
        "reviewed_by_name": "OConnor",
        "review_date": "2025-04-26 20:41:11",
        "review_notes": "",
        "date_updated": "2025-04-26 20:41:11"
    },
    {
        "id": "680ec4b5755f34.00908666",
        "user_id": "admin",
        "user_name": "OConnor",
        "start_date": "2025-05-01",
        "end_date": "2025-05-01",
        "reason": "Rum pimmeln",
        "status": "approved",
        "date_requested": "2025-04-27 23:58:45",
        "date_created": "2025-04-27 23:58:45",
        "reviewed_by": "admin",
        "reviewed_by_name": "OConnor",
        "review_date": "2025-04-27 23:59:01",
        "review_notes": "",
        "date_updated": "2025-04-27 23:59:01"
    }
]