[
    {
        "defendant": "Peter Pan",
        "charge": "Betrug",
        "incident_date": "2025-04-28",
        "expiration_date": "2025-05-19",
        "bail_amount": "",
        "district": "Ost",
        "prosecutor": "OConnor",
        "judge": "",
        "status": "completed",
        "id": "680d62d36c6833.21256602",
        "created_by": "admin",
        "date_created": "2025-04-26 22:48:51",
        "notes": "Urteil aktualisiert von OConnor am 27.04.2025 00:37:38\n\nStatus aktualisiert auf: Klage angenommen - 27.04.2025 00:14:50 von OConnor\n\nKlageschrift eingereicht von OConnor am 27.04.2025 00:12:10\n\nKlageschrift eingereicht von OConnor am 27.04.2025 00:05:40\r\n\r\nKlageschrift eingereicht von OConnor am 26.04.2025 23:58:18",
        "date_updated": "2025-04-27 00:37:38",
        "verdict": "800$",
        "verdict_date": "2025-04-27",
        "verdict_by": "admin"
    },
    {
        "defendant": "Peter Pan",
        "charge": "Diebstahl",
        "incident_date": "2025-04-09",
        "expiration_date": "2025-04-30",
        "bail_amount": "",
        "district": "East",
        "prosecutor": "OConnor",
        "judge": "",
        "status": "Verj\u00e4hrt",
        "notes": "Fall automatisch als verj\u00e4hrt markiert am 30.04.2025\n\nStatus aktualisiert auf: Klage angenommen - 27.04.2025 20:57:52 von OConnor\n\nKlageschrift eingereicht von OConnor am 27.04.2025 20:57:35",
        "id": "004",
        "date_updated": "2025-04-30 14:21:34",
        "date_created": "2025-04-26 20:23:10",
        "expired_date": "2025-04-30 14:21:34"
    },
    {
        "defendant": "Pumuckl Blau",
        "charge": "Mord",
        "incident_date": "2025-04-26",
        "expiration_date": "2025-05-17",
        "bail_amount": "",
        "district": "Ost",
        "prosecutor": "James Rhodes",
        "judge": "",
        "status": "open",
        "id": "005",
        "created_by": "admin",
        "date_created": "2025-04-27 22:30:54",
        "notes": "",
        "date_updated": "2025-04-28 00:48:27",
        "witnesses": "Bettina Ina 98\r\nLuis von Tu es 73",
        "victims": ""
    }
]