[
    {
        "id": "680f93f4774e98.59859631",
        "protocol_type": "weapon",
        "owner_id": "",
        "owner_tg_number": "07",
        "owner_name": "Peter Pan",
        "sheriff_id": "23",
        "sheriff_name": "Wayne Wattson",
        "confiscation_date": "2025-04-27",
        "retention_days": 1,
        "planned_return_date": "2025-04-29",
        "items": [
            {
                "name": "Navy",
                "serial": "4567"
            },
            {
                "name": "Bolt Action",
                "serial": "2273"
            }
        ],
        "remarks": "",
        "receiving_staff_id": "admin",
        "receiving_staff_name": "OConnor",
        "receiving_date": "2025-04-28 14:43:00",
        "status": "returned",
        "return_date": "2025-04-28 14:44:32",
        "returning_staff_id": "admin",
        "returning_staff_name": "OConnor",
        "change_log": [
            {
                "user_id": "admin",
                "username": "OConnor",
                "action": "erstellt",
                "details": "",
                "timestamp": "2025-04-28 14:43:00"
            },
            {
                "user_id": "admin",
                "username": "OConnor",
                "action": "zur\u00fcckgegeben",
                "details": "Waffen zur\u00fcckgegeben",
                "timestamp": "2025-04-28 14:44:32"
            }
        ]
    },
    {
        "id": "680f95117903d8.37557931",
        "protocol_type": "evidence",
        "owner_id": "",
        "owner_tg_number": "07",
        "owner_name": "Peter Pan",
        "sheriff_id": "23",
        "sheriff_name": "Wayne Wattson",
        "confiscation_date": "2025-04-27",
        "retention_days": 0,
        "planned_return_date": "2025-04-28",
        "items": [
            {
                "name": "Kokain",
                "serial": "Einheiten: 50"
            }
        ],
        "remarks": "",
        "receiving_staff_id": "admin",
        "receiving_staff_name": "OConnor",
        "receiving_date": "2025-04-28 14:47:45",
        "status": "active",
        "return_date": null,
        "returning_staff_id": null,
        "returning_staff_name": null,
        "change_log": [
            {
                "user_id": "admin",
                "username": "OConnor",
                "action": "erstellt",
                "details": "",
                "timestamp": "2025-04-28 14:47:45"
            }
        ]
    },
    {
        "id": "680f95879bfbe8.22118786",
        "protocol_type": "evidence",
        "owner_id": "",
        "owner_tg_number": "07",
        "owner_name": "Peter Pan",
        "sheriff_id": "23",
        "sheriff_name": "Wayne Wattson",
        "confiscation_date": "2025-04-27",
        "retention_days": 0,
        "planned_return_date": "2025-04-28",
        "items": [
            {
                "name": "Kokain",
                "serial": "Einheiten: 50"
            }
        ],
        "remarks": "",
        "receiving_staff_id": "admin",
        "receiving_staff_name": "OConnor",
        "receiving_date": "2025-04-28 14:49:43",
        "status": "active",
        "return_date": null,
        "returning_staff_id": null,
        "returning_staff_name": null,
        "change_log": [
            {
                "user_id": "admin",
                "username": "OConnor",
                "action": "erstellt",
                "details": "",
                "timestamp": "2025-04-28 14:49:43"
            }
        ]
    }
]