[
    {
        "id": "680d2d327bdf01.48813433",
        "user_id": "admin",
        "username": "OConnor",
        "status": "on_duty",
        "timestamp": "2025-04-26 19:00:02"
    },
    {
        "id": "680d5cc11712f8.50728644",
        "user_id": "admin",
        "username": "OConnor",
        "status": "off_duty",
        "timestamp": "2025-04-26 22:22:57"
    },
    {
        "id": "680d5cce0d8231.63819453",
        "user_id": "admin",
        "username": "OConnor",
        "status": "on_duty",
        "timestamp": "2025-04-26 22:23:10"
    },
    {
        "id": "680d5cd291acb7.77961690",
        "user_id": "admin",
        "username": "OConnor",
        "status": "off_duty",
        "timestamp": "2025-04-26 22:23:14"
    },
    {
        "id": "680d6ada2f0b98.30807790",
        "user_id": "admin",
        "username": "OConnor",
        "status": "on_duty",
        "timestamp": "2025-04-27 01:23:06"
    },
    {
        "id": "680d6adc8ae853.09388638",
        "user_id": "admin",
        "username": "OConnor",
        "status": "off_duty",
        "timestamp": "2025-04-27 01:23:08"
    },
    {
        "id": "681231b416ec01.92722314",
        "user_id": "680d49e17f9b93.60925980",
        "username": "Rhodes",
        "status": "on_duty",
        "timestamp": "2025-04-30 16:20:36"
    },
    {
        "id": "681231ba2a1df1.96426384",
        "user_id": "680d49e17f9b93.60925980",
        "username": "Rhodes",
        "status": "off_duty",
        "timestamp": "2025-04-30 16:20:42"
    }
]