[
    {
        "id": "680d6ad23df117.77949677",
        "user_id": "admin",
        "timestamp": "2025-04-26 23:22:58",
        "ip_address": "172.31.128.7",
        "success": true
    },
    {
        "id": "680d72338465d6.18733912",
        "user_id": "admin",
        "timestamp": "2025-04-26 23:54:27",
        "ip_address": "172.31.128.37",
        "success": true
    },
    {
        "id": "680d89e5b1a811.26732868",
        "user_id": "admin",
        "timestamp": "2025-04-27 01:35:33",
        "ip_address": "172.31.128.37",
        "success": true
    },
    {
        "id": "680e68dce06d29.49117103",
        "user_id": "admin",
        "timestamp": "2025-04-27 17:26:52",
        "ip_address": "172.31.128.73",
        "success": true
    },
    {
        "id": "680e68ef3b8ed0.88639537",
        "user_id": "admin",
        "timestamp": "2025-04-27 17:27:11",
        "ip_address": "172.31.128.73",
        "success": true
    },
    {
        "id": "680e6909f01960.68403584",
        "user_id": "admin",
        "timestamp": "2025-04-27 17:27:37",
        "ip_address": "172.31.128.73",
        "success": true
    },
    {
        "id": "680e7a4c8005b1.91243503",
        "user_id": "admin",
        "timestamp": "2025-04-27 18:41:16",
        "ip_address": "172.31.128.26",
        "success": true
    },
    {
        "id": "680e959c48a9e6.75049754",
        "user_id": "admin",
        "timestamp": "2025-04-27 20:37:48",
        "ip_address": "172.31.128.79",
        "success": true
    },
    {
        "id": "680f5514215f94.20143928",
        "user_id": "admin",
        "timestamp": "2025-04-28 10:14:44",
        "ip_address": "172.31.128.14",
        "success": true
    },
    {
        "id": "680f8fa528f367.60319494",
        "user_id": "admin",
        "timestamp": "2025-04-28 14:24:37",
        "ip_address": "172.31.128.85",
        "success": true
    },
    {
        "id": "680fda1eb248b5.78928953",
        "user_id": "admin",
        "timestamp": "2025-04-28 19:42:22",
        "ip_address": "172.31.128.49",
        "success": true
    },
    {
        "id": "6810006b3f5867.70874672",
        "user_id": "admin",
        "timestamp": "2025-04-28 22:25:47",
        "ip_address": "172.31.128.27",
        "success": true
    },
    {
        "id": "68100171401437.40546699",
        "user_id": "admin",
        "timestamp": "2025-04-28 22:30:09",
        "ip_address": "172.31.128.19",
        "success": true
    },
    {
        "id": "68122606b2c868.38803665",
        "user_id": "admin",
        "timestamp": "2025-04-30 13:30:46",
        "ip_address": "172.31.128.74",
        "success": true
    },
    {
        "id": "6812319e5ba2b0.98542644",
        "user_id": "680d49e17f9b93.60925980",
        "timestamp": "2025-04-30 14:20:14",
        "ip_address": "172.31.128.74",
        "success": true
    }
]