[
    {
        "title": "Standard Klageschrift",
        "content": "KLAGESCHRIFT\n\nGegen: [Name des Angeklagten]\nAnschrift: [Anschrift des Angeklagten]\nGeburtsdatum: [Geburtsdatum]\n\nVerbrechen: [Art des Verbrechens]\nDatum des Verbrechens: [Datum]\nOrt des Verbrechens: [Ort]\n\nBeschreibung des Sachverhalts:\n[Detaillierte Beschreibung des Sachverhalts einf\u00fcgen]\n\nDer Angeklagte wird hiermit beschuldigt, am [Datum] in [Ort] [Beschreibung der kriminellen Handlung] begangen zu haben, was einen Versto\u00df gegen [relevantes Gesetz\/Paragraf] darstellt.\n\nDie Staatsanwaltschaft ersucht um Anklageerhebung.\n\nDatum: [Aktuelles Datum]\n\n[Name des Staatsanwalts]\nStaatsanwalt",
        "category": "Anklageschriften",
        "is_public": true,
        "created_by": "admin",
        "created_by_name": "OConnor",
        "id": "template001",
        "date_created": "2025-04-26 15:51:57"
    },
    {
        "title": "Vorladung zum Verfahren",
        "content": "VORLADUNG\n\nAktenzeichen: [Aktenzeichen]\n\nAn: [Name des Vorgeladenen]\n[Adresse]\n\nSehr geehrte(r) Frau\/Herr [Nachname],\n\nSie werden hiermit vorgeladen, am [Datum] um [Uhrzeit] vor dem Gericht in [Gerichtsort] zu erscheinen, um in der Strafsache gegen [Name des Angeklagten] auszusagen.\n\nIhre Anwesenheit ist gesetzlich erforderlich. Sollten Sie zum angegebenen Termin verhindert sein, setzen Sie sich bitte umgehend mit der Gesch\u00e4ftsstelle des Gerichts unter [Telefonnummer] in Verbindung.\n\nDatum: [Aktuelles Datum]\n\nHochachtungsvoll,\n\n[Name des Richters]\nRichter am Amtsgericht",
        "category": "Vorladungen",
        "is_public": true,
        "created_by": "admin",
        "created_by_name": "OConnor",
        "id": "template002",
        "date_created": "2025-04-26 16:30:00"
    },
    {
        "title": "Gerichtsprotokoll",
        "content": "GERICHTSPROTOKOLL\n\nAktenzeichen: [Aktenzeichen]\nDatum: [Datum der Verhandlung]\nUhrzeit: [Beginn] bis [Ende]\nOrt: [Gerichtsort und Saal]\n\nVerfahren gegen: [Name des Angeklagten]\nwegen: [Anklagepunkte]\n\nAnwesende:\n- Richter: [Name des Richters]\n- Staatsanwalt: [Name des Staatsanwalts]\n- Verteidiger: [Name des Verteidigers]\n- Angeklagter: [Name des Angeklagten]\n- Protokollf\u00fchrer: [Name des Protokollf\u00fchrers]\n\nVerlauf der Verhandlung:\n[Detaillierte Beschreibung des Verhandlungsverlaufs]\n\nAussagen:\n[Zusammenfassung der Aussagen von Zeugen, Sachverst\u00e4ndigen und dem Angeklagten]\n\nBeweismittel:\n[Auflistung der vorgestellten Beweismittel]\n\nEntscheidung des Gerichts:\n[Urteil oder Beschluss des Gerichts]\n\nUnterschriften:\n\n________________                      ________________\nRichter                                Protokollf\u00fchrer",
        "category": "Protokolle",
        "is_public": true,
        "created_by": "admin",
        "created_by_name": "OConnor",
        "id": "template003",
        "date_created": "2025-04-26 16:45:00"
    },
    {
        "title": "Beweismittelerfassung",
        "content": "BEWEISMITTELERFASSUNG\n\nAktenzeichen: [Aktenzeichen]\nFall: [Fallbezeichnung]\nDatum der Erfassung: [Aktuelles Datum]\nErfasst durch: [Name des Beamten]\n\nBeweismittel-Typ: [Art des Beweismittels]\nBeweismittel-Nr.: [Nummerierung]\nFundort: [Ort, an dem das Beweismittel gefunden wurde]\nFunddatum: [Datum, an dem das Beweismittel gefunden wurde]\nZustand: [Beschreibung des Zustands]\n\nBeschreibung:\n[Detaillierte Beschreibung des Beweismittels]\n\nRelevanz f\u00fcr den Fall:\n[Erkl\u00e4rung, warum dieses Beweismittel f\u00fcr den Fall relevant ist]\n\nLagerort: [Wo das Beweismittel aktuell aufbewahrt wird]\nKette der Obhut:\n- [Datum, Zeit, Person]: [Aktion]\n- [Datum, Zeit, Person]: [Aktion]\n\nUnterschrift: ________________________\n[Name des Beamten]",
        "category": "Beweismittel",
        "is_public": true,
        "created_by": "admin",
        "created_by_name": "OConnor",
        "id": "template004",
        "date_created": "2025-04-26 17:00:00"
    },
    {
        "title": "Testbericht",
        "content": "Bericht \r\n\r\nBla Bla\r\n\r\ngez.\r\n{{SIGNATURE}}",
        "category": "Berichte",
        "is_public": true,
        "created_by": "admin",
        "created_by_name": "OConnor",
        "created_date": "2025-04-28 10:23:41",
        "id": "680f572d58e596.34780088",
        "date_created": "2025-04-28 10:23:41",
        "last_updated_by": "admin",
        "last_updated_by_name": "OConnor",
        "last_updated_date": "2025-04-28 10:31:24",
        "date_updated": "2025-04-28 10:31:24"
    },
    {
        "title": "123",
        "content": "Test",
        "category": "Beweismittel",
        "is_public": false,
        "created_by": "admin",
        "created_by_name": "OConnor",
        "created_date": "2025-04-28 10:32:04",
        "id": "680f59245b5912.87047666",
        "date_created": "2025-04-28 10:32:04"
    },
    {
        "title": "123",
        "content": "12345\r\n\r\n{{SIGNATURE}}",
        "category": "Test",
        "is_public": true,
        "created_by": "admin",
        "created_by_name": "OConnor",
        "created_date": "2025-04-28 10:47:21",
        "id": "680f5cb9a109f0.78057566",
        "date_created": "2025-04-28 10:47:21"
    }
]