[
    {
        "icon": "fa-plus-circle",
        "text": "Material erstellt: Zinkerz",
        "zeit": "2025-05-10 18:52:23"
    },
    {
        "icon": "fa-plus-circle",
        "text": "Item erstellt: Eisenbarren",
        "zeit": "2025-05-10 18:52:47"
    },
    {
        "icon": "fa-plus-circle",
        "text": "Item erstellt: Messing",
        "zeit": "2025-05-12 02:23:34"
    },
    {
        "icon": "fa-sign-in-alt",
        "text": "Manu hat sich angemeldet.",
        "zeit": "2025-05-12 02:34:33"
    },
    {
        "icon": "fa-user-plus",
        "text": "Benutzer Palego wurde erstellt.",
        "zeit": "2025-05-12 02:38:46"
    },
    {
        "icon": "fa-sign-out-alt",
        "text": "Manu hat sich abgemeldet.",
        "zeit": "2025-05-12 02:38:54"
    },
    {
        "icon": "fa-sign-in-alt",
        "text": "Manu hat sich angemeldet.",
        "zeit": "2025-05-12 02:39:12"
    },
    {
        "icon": "fa-user-plus",
        "text": "Benutzer Test1 wurde erstellt.",
        "zeit": "2025-05-12 02:39:28"
    },
    {
        "icon": "fa-user-plus",
        "text": "Benutzer Darf nicht wurde erstellt.",
        "zeit": "2025-05-12 02:39:40"
    },
    {
        "icon": "fa-sign-out-alt",
        "text": "Manu hat sich abgemeldet.",
        "zeit": "2025-05-12 02:39:42"
    },
    {
        "icon": "fa-key",
        "text": "Test1 hat sein Passwort geändert.",
        "zeit": "2025-05-12 02:40:12"
    },
    {
        "icon": "fa-plus-circle",
        "text": "Item erstellt: Kennste den",
        "zeit": "2025-05-12 02:41:34"
    },
    {
        "icon": "fa-sign-out-alt",
        "text": "Test1 hat sich abgemeldet.",
        "zeit": "2025-05-12 02:41:45"
    },
    {
        "icon": "fa-key",
        "text": "Darf nicht hat sein Passwort geändert.",
        "zeit": "2025-05-12 02:42:06"
    },
    {
        "icon": "fa-plus-circle",
        "text": "Material erstellt: Navy Revolver",
        "zeit": "2025-05-12 02:45:38"
    },
    {
        "icon": "fa-plus-circle",
        "text": "Material erstellt: Navy Revolver",
        "zeit": "2025-05-12 02:50:25"
    },
    {
        "icon": "fa-sign-out-alt",
        "text": "Darf nicht hat sich abgemeldet.",
        "zeit": "2025-05-12 03:07:51"
    },
    {
        "icon": "fa-sign-in-alt",
        "text": "Manu hat sich angemeldet.",
        "zeit": "2025-05-12 03:08:02"
    },
    {
        "icon": "fa-sign-out-alt",
        "text": "Manu hat sich abgemeldet.",
        "zeit": "2025-05-12 03:08:19"
    },
    {
        "icon": "fa-sign-in-alt",
        "text": "Manu hat sich angemeldet.",
        "zeit": "2025-05-12 03:09:05"
    },
    {
        "icon": "fa-key",
        "text": "Passwort von Benutzer Test1 wurde zurückgesetzt.",
        "zeit": "2025-05-12 03:09:21"
    },
    {
        "icon": "fa-sign-out-alt",
        "text": "Manu hat sich abgemeldet.",
        "zeit": "2025-05-12 03:09:24"
    },
    {
        "icon": "fa-key",
        "text": "Test1 hat sein Passwort geändert.",
        "zeit": "2025-05-12 03:09:47"
    },
    {
        "icon": "fa-plus-circle",
        "text": "Material erstellt: Peter Pan",
        "zeit": "2025-05-12 03:10:04"
    },
    {
        "icon": "fa-sign-out-alt",
        "text": "Test1 hat sich abgemeldet.",
        "zeit": "2025-05-12 03:10:15"
    },
    {
        "icon": "fa-sign-in-alt",
        "text": "Manu hat sich angemeldet.",
        "zeit": "2025-05-12 03:10:21"
    },
    {
        "icon": "fa-user-times",
        "text": "Benutzer Darf nicht wurde gelöscht.",
        "zeit": "2025-05-12 03:15:15"
    },
    {
        "icon": "fa-user-times",
        "text": "Benutzer Test1 wurde gelöscht.",
        "zeit": "2025-05-12 03:15:18"
    },
    {
        "icon": "fa-sign-in-alt",
        "text": "Manu hat sich angemeldet.",
        "zeit": "2025-05-12 23:41:41"
    },
    {
        "icon": "fa-user-times",
        "text": "Benutzer Palego wurde gelöscht.",
        "zeit": "2025-05-12 23:52:52"
    },
    {
        "icon": "fa-user-plus",
        "text": "Benutzer Palego wurde erstellt.",
        "zeit": "2025-05-12 23:53:05"
    },
    {
        "icon": "fa-plus-circle",
        "text": "Item erstellt: Fass EIsenring",
        "zeit": "2025-05-12 23:59:59"
    },
    {
        "icon": "fa-plus-circle",
        "text": "Fraktion erstellt: Wildnis",
        "zeit": "2025-05-13 00:10:56"
    },
    {
        "icon": "fa-plus-circle",
        "text": "Material erstellt: Hartholz",
        "zeit": "2025-05-13 00:11:18"
    },
    {
        "icon": "fa-plus-circle",
        "text": "Fraktion erstellt: Import(Hafen)",
        "zeit": "2025-05-13 00:12:29"
    },
    {
        "icon": "fa-plus-circle",
        "text": "Material erstellt: Weichholz",
        "zeit": "2025-05-13 00:15:20"
    },
    {
        "icon": "fa-plus-circle",
        "text": "Material erstellt: Goldflocken",
        "zeit": "2025-05-13 00:27:11"
    },
    {
        "icon": "fa-plus-circle",
        "text": "Material erstellt: Gold Nugget",
        "zeit": "2025-05-13 00:27:32"
    },
    {
        "icon": "fa-plus-circle",
        "text": "Item erstellt: Holzaxt",
        "zeit": "2025-05-13 00:33:33"
    },
    {
        "icon": "fa-plus-circle",
        "text": "Item erstellt: Werkzeuggriff",
        "zeit": "2025-05-13 00:37:36"
    },
    {
        "icon": "fa-plus-circle",
        "text": "Item erstellt: Goldbarren",
        "zeit": "2025-05-13 00:38:42"
    },
    {
        "icon": "fa-plus-circle",
        "text": "Item erstellt: Ehering",
        "zeit": "2025-05-13 00:42:07"
    },
    {
        "icon": "fa-sign-in-alt",
        "text": "Manu hat sich angemeldet.",
        "zeit": "2025-05-13 04:10:43"
    },
    {
        "icon": "fa-sign-out-alt",
        "text": "Manu hat sich abgemeldet.",
        "zeit": "2025-05-13 04:11:04"
    },
    {
        "icon": "fa-sign-out-alt",
        "text": "OConnor hat sich abgemeldet.",
        "zeit": "2025-05-14 23:14:53"
    },
    {
        "icon": "fa-sign-in-alt",
        "text": "Manu hat sich angemeldet.",
        "zeit": "2025-05-14 23:14:56"
    },
    {
        "icon": "fa-sign-in-alt",
        "text": "Manu hat sich angemeldet.",
        "zeit": "2025-05-14 23:21:40"
    },
    {
        "icon": "fa-plus-circle",
        "text": "Material erstellt: Salzblock",
        "zeit": "2025-05-14 23:30:07"
    },
    {
        "icon": "fa-plus-circle",
        "text": "Material erstellt: Salpeter",
        "zeit": "2025-05-14 23:30:33"
    },
    {
        "icon": "fa-plus-circle",
        "text": "Material erstellt: Schwefel",
        "zeit": "2025-05-14 23:31:08"
    },
    {
        "icon": "fa-plus-circle",
        "text": "Fraktion erstellt: Wapiti Schmelze",
        "zeit": "2025-05-14 23:48:53"
    },
    {
        "icon": "fa-plus-circle",
        "text": "Item erstellt: Eisenbarren",
        "zeit": "2025-05-14 23:50:01"
    },
    {
        "icon": "fa-trash-alt",
        "text": "Item gelöscht: ID 6825100940ab1_9589",
        "zeit": "2025-05-14 23:50:48"
    },
    {
        "icon": "fa-plus-circle",
        "text": "Fraktion erstellt: Wapiti Schmelze",
        "zeit": "2025-05-14 23:52:00"
    },
    {
        "icon": "fa-trash-alt",
        "text": "Fraktion gelöscht: ID 68250fc58d364_8992",
        "zeit": "2025-05-14 23:52:27"
    },
    {
        "icon": "fa-plus-circle",
        "text": "Material erstellt: Holz",
        "zeit": "2025-05-14 23:54:17"
    },
    {
        "icon": "fa-plus-circle",
        "text": "Material erstellt: Holz",
        "zeit": "2025-05-14 23:54:28"
    },
    {
        "icon": "fa-trash-alt",
        "text": "Material gelöscht: ID 6825110939040_1287",
        "zeit": "2025-05-14 23:54:36"
    },
    {
        "icon": "fa-plus-circle",
        "text": "Material erstellt: Holzteil des Bogens",
        "zeit": "2025-05-14 23:55:25"
    },
    {
        "icon": "fa-plus-circle",
        "text": "Material erstellt: Holzteil des Bogens",
        "zeit": "2025-05-14 23:55:31"
    },
    {
        "icon": "fa-trash-alt",
        "text": "Material gelöscht: ID 6825115338e9f_4242",
        "zeit": "2025-05-14 23:55:34"
    },
    {
        "icon": "fa-user-plus",
        "text": "Benutzer Extern wurde erstellt.",
        "zeit": "2025-05-15 00:00:27"
    },
    {
        "icon": "fa-sign-out-alt",
        "text": "Manu hat sich abgemeldet.",
        "zeit": "2025-05-15 00:00:31"
    },
    {
        "icon": "fa-key",
        "text": "Extern hat sein Passwort geändert.",
        "zeit": "2025-05-15 00:00:54"
    },
    {
        "icon": "fa-sign-out-alt",
        "text": "Extern hat sich abgemeldet.",
        "zeit": "2025-05-15 00:01:35"
    },
    {
        "icon": "fa-sign-in-alt",
        "text": "Manu hat sich angemeldet.",
        "zeit": "2025-05-15 00:02:46"
    },
    {
        "icon": "fa-plus-circle",
        "text": "Item erstellt: Bogenteil",
        "zeit": "2025-05-15 00:04:07"
    },
    {
        "icon": "fa-plus-circle",
        "text": "Item erstellt: Bogenteil",
        "zeit": "2025-05-15 00:04:13"
    },
    {
        "icon": "fa-trash-alt",
        "text": "Item gelöscht: ID 6825135dadcad_6965",
        "zeit": "2025-05-15 00:04:21"
    },
    {
        "icon": "fa-plus-circle",
        "text": "Material erstellt: Faser",
        "zeit": "2025-05-15 00:11:35"
    },
    {
        "icon": "fa-plus-circle",
        "text": "Material erstellt: Bogensehnenfaser",
        "zeit": "2025-05-15 00:12:37"
    },
    {
        "icon": "fa-plus-circle",
        "text": "Item erstellt: Bogensehne",
        "zeit": "2025-05-15 00:14:12"
    },
    {
        "icon": "fa-plus-circle",
        "text": "Material erstellt: Bogengriff Holz",
        "zeit": "2025-05-15 00:36:17"
    },
    {
        "icon": "fa-plus-circle",
        "text": "Item erstellt: Bogengriffstück",
        "zeit": "2025-05-15 00:37:09"
    },
    {
        "icon": "fa-plus-circle",
        "text": "Fraktion erstellt: Labor",
        "zeit": "2025-05-15 00:41:21"
    },
    {
        "icon": "fa-plus-circle",
        "text": "Material erstellt: Teeblatt",
        "zeit": "2025-05-15 00:42:45"
    },
    {
        "icon": "fa-plus-circle",
        "text": "Material erstellt: Teeblatt",
        "zeit": "2025-05-15 00:42:55"
    },
    {
        "icon": "fa-plus-circle",
        "text": "Material erstellt: Kamille",
        "zeit": "2025-05-15 00:43:47"
    },
    {
        "icon": "fa-edit",
        "text": "Material aktualisiert: Teeblatt",
        "zeit": "2025-05-15 00:43:59"
    },
    {
        "icon": "fa-trash-alt",
        "text": "Material gelöscht: ID 68251c6fa9c56_5547",
        "zeit": "2025-05-15 00:44:05"
    },
    {
        "icon": "fa-plus-circle",
        "text": "Item erstellt: Kamillentee",
        "zeit": "2025-05-15 00:48:24"
    },
    {
        "icon": "fa-plus-circle",
        "text": "Material erstellt: Minze",
        "zeit": "2025-05-15 00:48:44"
    },
    {
        "icon": "fa-plus-circle",
        "text": "Item erstellt: Minztee",
        "zeit": "2025-05-15 00:49:18"
    },
    {
        "icon": "fa-plus-circle",
        "text": "Material erstellt: Opiumkapsel",
        "zeit": "2025-05-15 00:50:00"
    },
    {
        "icon": "fa-plus-circle",
        "text": "Item erstellt: Opium Milch",
        "zeit": "2025-05-15 00:51:12"
    },
    {
        "icon": "fa-plus-circle",
        "text": "Item erstellt: Opium",
        "zeit": "2025-05-15 00:53:11"
    },
    {
        "icon": "fa-plus-circle",
        "text": "Material erstellt: Calciumchlorid",
        "zeit": "2025-05-15 00:53:36"
    },
    {
        "icon": "fa-plus-circle",
        "text": "Item erstellt: Morphin",
        "zeit": "2025-05-15 00:54:39"
    },
    {
        "icon": "fa-plus-circle",
        "text": "Material erstellt: Weed",
        "zeit": "2025-05-15 01:08:43"
    },
    {
        "icon": "fa-plus-circle",
        "text": "Material erstellt: Tabakwickel niedrig",
        "zeit": "2025-05-15 01:09:38"
    },
    {
        "icon": "fa-plus-circle",
        "text": "Item erstellt: Medizinische Zigarette",
        "zeit": "2025-05-15 01:10:25"
    },
    {
        "icon": "fa-plus-circle",
        "text": "Fraktion erstellt: Jade Dragon Küche",
        "zeit": "2025-05-15 01:11:35"
    },
    {
        "icon": "fa-plus-circle",
        "text": "Item erstellt: 10x Salz",
        "zeit": "2025-05-15 01:15:13"
    },
    {
        "icon": "fa-file-import",
        "text": "Daten importiert",
        "zeit": "2025-05-15 01:18:21"
    },
    {
        "icon": "fa-sign-in-alt",
        "text": "Manu hat sich angemeldet.",
        "zeit": "2025-05-15 21:45:30"
    },
    {
        "icon": "fa-plus-circle",
        "text": "Fraktion erstellt: Farming",
        "zeit": "2025-05-15 21:45:46"
    },
    {
        "icon": "fa-sign-out-alt",
        "text": "Manu hat sich abgemeldet.",
        "zeit": "2025-05-15 21:46:10"
    },
    {
        "icon": "fa-sign-in-alt",
        "text": "Manu hat sich angemeldet.",
        "zeit": "2025-05-17 00:32:12"
    },
    {
        "icon": "fa-sign-out-alt",
        "text": "Manu hat sich abgemeldet.",
        "zeit": "2025-05-17 00:36:26"
    },
    {
        "icon": "fa-key",
        "text": "Palego hat sein Passwort geändert.",
        "zeit": "2025-05-17 01:50:53"
    }
]