[
    {
        "name": "Schmelze",
        "beschreibung": "",
        "id": "681f83b6baf7d_8892"
    },
    {
        "name": "Mine",
        "beschreibung": "",
        "id": "681f83e374a9a_1086"
    },
    {
        "name": "Wildnis",
        "beschreibung": "",
        "id": "682271f0a2015_2747"
    },
    {
        "name": "Import(Hafen)",
        "beschreibung": "",
        "id": "6822724d83992_8374"
    },
    {
        "name": "Wapiti Schmelze",
        "beschreibung": "",
        "id": "682510805293a_1267"
    },
    {
        "name": "Labor",
        "beschreibung": "Doctor",
        "id": "68251c11487cb_1656"
    },
    {
        "name": "Jade Dragon Küche",
        "beschreibung": "",
        "id": "682523279b2da_7550"
    },
    {
        "name": "Farming",
        "beschreibung": "",
        "id": "6826446a30359_5194"
    }
]