[
    {
        "name": "Eisenbarren",
        "beschreibung": "",
        "fraktion_id": "681f83e374a9a_1086",
        "rezept": [
            {
                "id": "681f840f69dd6_7924",
                "menge": 2,
                "typ": "material"
            },
            {
                "id": "6820951122e8a_8476",
                "menge": 4,
                "typ": "material"
            }
        ],
        "id": "682097b879956_5166"
    },
    {
        "name": "Kupferbarren",
        "beschreibung": "",
        "fraktion_id": "681f83e374a9a_1086",
        "rezept": [
            {
                "id": "681f840f69dd6_7924",
                "menge": 2,
                "typ": "material"
            },
            {
                "id": "681f842daaa83_1570",
                "menge": 4,
                "typ": "material"
            }
        ],
        "id": "6820980fb0186_5145"
    },
    {
        "name": "Messingplättchen",
        "beschreibung": "",
        "fraktion_id": "681f83e374a9a_1086",
        "rezept": [
            {
                "id": "681f842daaa83_1570",
                "menge": 1,
                "typ": "material"
            },
            {
                "id": "682096e95f7c4_1225",
                "menge": 1,
                "typ": "material"
            }
        ],
        "id": "6820983546ac1_8198"
    },
    {
        "name": "Schwarzpulver",
        "beschreibung": "",
        "fraktion_id": "681f83e374a9a_1086",
        "rezept": [
            {
                "id": "681f840f69dd6_7924",
                "menge": 1,
                "typ": "material"
            },
            {
                "id": "6820975e8f664_5636",
                "menge": 2,
                "typ": "material"
            },
            {
                "id": "6820978009aa2_2946",
                "menge": 1,
                "typ": "material"
            }
        ],
        "id": "6820988949e96_4483"
    },
    {
        "name": "Stahlbarren",
        "beschreibung": "",
        "fraktion_id": "681f83b6baf7d_8892",
        "rezept": [
            {
                "id": "682097b879956_5166",
                "menge": 4,
                "typ": "item"
            },
            {
                "id": "681f840f69dd6_7924",
                "menge": 10,
                "typ": "material"
            }
        ],
        "id": "68209ae20b221_6169"
    },
    {
        "name": "Waffenlauf",
        "beschreibung": "",
        "fraktion_id": "681f83b6baf7d_8892",
        "rezept": [
            {
                "id": "68209ae20b221_6169",
                "menge": 1,
                "typ": "item"
            }
        ],
        "id": "68209b2093541_1110"
    },
    {
        "name": "Schraube",
        "beschreibung": "",
        "fraktion_id": "681f83b6baf7d_8892",
        "rezept": [
            {
                "id": "6820980fb0186_5145",
                "menge": 1,
                "typ": "item"
            }
        ],
        "id": "68209b44614b2_7995"
    },
    {
        "name": "Waffenteil",
        "beschreibung": "",
        "fraktion_id": "681f83b6baf7d_8892",
        "rezept": [
            {
                "id": "682097b879956_5166",
                "menge": 2,
                "typ": "item"
            }
        ],
        "id": "68209b70618b7_5128"
    },
    {
        "name": "Pistolengehäuse",
        "beschreibung": "",
        "fraktion_id": "681f83b6baf7d_8892",
        "rezept": [
            {
                "id": "682097b879956_5166",
                "menge": 2,
                "typ": "item"
            }
        ],
        "id": "68209b9509561_3583"
    },
    {
        "name": "Waffengehäuse",
        "beschreibung": "",
        "fraktion_id": "681f83b6baf7d_8892",
        "rezept": [
            {
                "id": "682097b879956_5166",
                "menge": 2,
                "typ": "item"
            }
        ],
        "id": "68209bb792426_8966"
    },
    {
        "name": "Patrone",
        "beschreibung": "",
        "fraktion_id": "681f83b6baf7d_8892",
        "rezept": [
            {
                "id": "6820983546ac1_8198",
                "menge": 1,
                "typ": "item"
            }
        ],
        "id": "68209bd2287d5_6683"
    },
    {
        "name": "Fass EIsenring",
        "beschreibung": "",
        "fraktion_id": "681f83b6baf7d_8892",
        "rezept": [
            {
                "id": "682097b879956_5166",
                "menge": 2,
                "typ": "item"
            }
        ],
        "id": "68226f5f42076_4902"
    },
    {
        "name": "Holzaxt",
        "beschreibung": "",
        "fraktion_id": "681f83b6baf7d_8892",
        "rezept": [
            {
                "id": "6822720641a0a_4609",
                "menge": 1,
                "typ": "material"
            },
            {
                "id": "682272f88d83e_9670",
                "menge": 1,
                "typ": "material"
            }
        ],
        "id": "6822773d2c52d_4475"
    },
    {
        "name": "Werkzeuggriff",
        "beschreibung": "",
        "fraktion_id": "681f83b6baf7d_8892",
        "rezept": [
            {
                "id": "6822720641a0a_4609",
                "menge": 1,
                "typ": "material"
            },
            {
                "id": "682272f88d83e_9670",
                "menge": 2,
                "typ": "material"
            }
        ],
        "id": "6822783057a28_4268"
    },
    {
        "name": "Goldbarren",
        "beschreibung": "10",
        "fraktion_id": "681f83b6baf7d_8892",
        "rezept": [
            {
                "id": "682275d4240a6_6536",
                "menge": 1,
                "typ": "material"
            }
        ],
        "id": "68227872ae2ce_6821"
    },
    {
        "name": "Ehering",
        "beschreibung": "",
        "fraktion_id": "681f83b6baf7d_8892",
        "rezept": [
            {
                "id": "68227872ae2ce_6821",
                "menge": 5,
                "typ": "item"
            },
            {
                "id": "682275bf2306c_4636",
                "menge": 50,
                "typ": "material"
            },
            {
                "id": "68209ae20b221_6169",
                "menge": 1,
                "typ": "item"
            }
        ],
        "id": "6822793f28d44_3748"
    },
    {
        "name": "Bogenteil",
        "beschreibung": "",
        "fraktion_id": "682510805293a_1267",
        "rezept": [
            {
                "id": "6825111407fd8_6144",
                "menge": 30,
                "typ": "material"
            },
            {
                "id": "6825114dcf8f4_4034",
                "menge": 1,
                "typ": "material"
            }
        ],
        "id": "682513577dde7_9551"
    },
    {
        "name": "Bogensehne",
        "beschreibung": "",
        "fraktion_id": "682510805293a_1267",
        "rezept": [
            {
                "id": "682515173b77a_7545",
                "menge": 50,
                "typ": "material"
            },
            {
                "id": "682515557f083_2325",
                "menge": 1,
                "typ": "material"
            }
        ],
        "id": "682515b4d276e_3710"
    },
    {
        "name": "Bogengriffstück",
        "beschreibung": "",
        "fraktion_id": "682510805293a_1267",
        "rezept": [
            {
                "id": "6825111407fd8_6144",
                "menge": 15,
                "typ": "material"
            },
            {
                "id": "68251ae195d47_4947",
                "menge": 1,
                "typ": "material"
            }
        ],
        "id": "68251b151da90_7586"
    },
    {
        "name": "Kamillentee",
        "beschreibung": "",
        "fraktion_id": "68251c11487cb_1656",
        "rezept": [
            {
                "id": "68251ca3c5572_7775",
                "menge": 2,
                "typ": "material"
            },
            {
                "id": "68251c65bfcdc_5305",
                "menge": 1,
                "typ": "material"
            }
        ],
        "id": "68251db8416d5_2455"
    },
    {
        "name": "Minztee",
        "beschreibung": "",
        "fraktion_id": "68251c11487cb_1656",
        "rezept": [
            {
                "id": "68251dcc4b870_1297",
                "menge": 2,
                "typ": "material"
            },
            {
                "id": "68251c65bfcdc_5305",
                "menge": 1,
                "typ": "material"
            }
        ],
        "id": "68251deee5aa7_6145"
    },
    {
        "name": "Opium Milch",
        "beschreibung": "",
        "fraktion_id": "68251c11487cb_1656",
        "rezept": [
            {
                "id": "68251e189cb1f_6585",
                "menge": 2,
                "typ": "material"
            }
        ],
        "id": "68251e6099977_4108"
    },
    {
        "name": "Opium",
        "beschreibung": "",
        "fraktion_id": "68251c11487cb_1656",
        "rezept": [
            {
                "id": "68251e6099977_4108",
                "menge": 5,
                "typ": "item"
            }
        ],
        "id": "68251ed7b747f_2333"
    },
    {
        "name": "Morphin",
        "beschreibung": "",
        "fraktion_id": "68251c11487cb_1656",
        "rezept": [
            {
                "id": "68251e6099977_4108",
                "menge": 10,
                "typ": "item"
            },
            {
                "id": "68251ef0ddc41_6445",
                "menge": 1,
                "typ": "material"
            }
        ],
        "id": "68251f2f179f6_6682"
    },
    {
        "name": "Medizinische Zigarette",
        "beschreibung": "",
        "fraktion_id": "68251c11487cb_1656",
        "rezept": [
            {
                "id": "6825227bd88fc_9054",
                "menge": 16,
                "typ": "material"
            },
            {
                "id": "682522b2e529c_6533",
                "menge": 16,
                "typ": "material"
            }
        ],
        "id": "682522e1a4c29_6515"
    },
    {
        "name": "10x Salz",
        "beschreibung": "",
        "fraktion_id": "682523279b2da_7550",
        "rezept": [
            {
                "id": "68250b5fd221a_2607",
                "menge": 1,
                "typ": "material"
            }
        ],
        "id": "68252401a5c85_9214"
    }
]