[
    {
        "name": "Kohle",
        "beschreibung": "",
        "fraktion_id": "681f83e374a9a_1086",
        "id": "681f840f69dd6_7924"
    },
    {
        "name": "Kupfererz",
        "beschreibung": "",
        "fraktion_id": "681f83e374a9a_1086",
        "id": "681f842daaa83_1570"
    },
    {
        "name": "Eisenerz",
        "beschreibung": "",
        "fraktion_id": "681f83e374a9a_1086",
        "id": "6820951122e8a_8476"
    },
    {
        "name": "Zinkerz",
        "beschreibung": "",
        "fraktion_id": "681f83e374a9a_1086",
        "id": "682096e95f7c4_1225"
    },
    {
        "name": "Salpeter",
        "beschreibung": "",
        "fraktion_id": "681f83e374a9a_1086",
        "id": "6820975e8f664_5636"
    },
    {
        "name": "Salzstein",
        "beschreibung": "",
        "fraktion_id": "681f83e374a9a_1086",
        "id": "682097711a63e_4652"
    },
    {
        "name": "Schwefel",
        "beschreibung": "",
        "fraktion_id": "681f83e374a9a_1086",
        "id": "6820978009aa2_2946"
    },
    {
        "name": "Hartholz",
        "beschreibung": "",
        "fraktion_id": "682271f0a2015_2747",
        "id": "6822720641a0a_4609"
    },
    {
        "name": "Weichholz",
        "beschreibung": "",
        "fraktion_id": "682271f0a2015_2747",
        "id": "682272f88d83e_9670"
    },
    {
        "name": "Goldflocken",
        "beschreibung": "",
        "fraktion_id": "682271f0a2015_2747",
        "id": "682275bf2306c_4636"
    },
    {
        "name": "Gold Nugget",
        "beschreibung": "",
        "fraktion_id": "682271f0a2015_2747",
        "id": "682275d4240a6_6536"
    },
    {
        "name": "Salzblock",
        "beschreibung": "",
        "fraktion_id": "681f83e374a9a_1086",
        "id": "68250b5fd221a_2607"
    },
    {
        "name": "Salpeter",
        "beschreibung": "",
        "fraktion_id": "681f83e374a9a_1086",
        "id": "68250b7981a2c_5626"
    },
    {
        "name": "Schwefel",
        "beschreibung": "",
        "fraktion_id": "681f83e374a9a_1086",
        "id": "68250b9ccca2f_9032"
    },
    {
        "name": "Holz",
        "beschreibung": "",
        "fraktion_id": "6822724d83992_8374",
        "id": "6825111407fd8_6144"
    },
    {
        "name": "Holzteil des Bogens",
        "beschreibung": "",
        "fraktion_id": "6822724d83992_8374",
        "id": "6825114dcf8f4_4034"
    },
    {
        "name": "Faser",
        "beschreibung": "",
        "fraktion_id": "6822724d83992_8374",
        "id": "682515173b77a_7545"
    },
    {
        "name": "Bogensehnenfaser",
        "beschreibung": "",
        "fraktion_id": "6822724d83992_8374",
        "id": "682515557f083_2325"
    },
    {
        "name": "Bogengriff Holz",
        "beschreibung": "",
        "fraktion_id": "6822724d83992_8374",
        "id": "68251ae195d47_4947"
    },
    {
        "name": "Teeblatt",
        "beschreibung": "",
        "fraktion_id": "682271f0a2015_2747",
        "id": "68251c65bfcdc_5305"
    },
    {
        "name": "Kamille",
        "beschreibung": "",
        "fraktion_id": "682271f0a2015_2747",
        "id": "68251ca3c5572_7775"
    },
    {
        "name": "Minze",
        "beschreibung": "",
        "fraktion_id": "682271f0a2015_2747",
        "id": "68251dcc4b870_1297"
    },
    {
        "name": "Opiumkapsel",
        "beschreibung": "",
        "fraktion_id": "682271f0a2015_2747",
        "id": "68251e189cb1f_6585"
    },
    {
        "name": "Calciumchlorid",
        "beschreibung": "",
        "fraktion_id": "6822724d83992_8374",
        "id": "68251ef0ddc41_6445"
    },
    {
        "name": "Weed",
        "beschreibung": "",
        "fraktion_id": "682271f0a2015_2747",
        "id": "6825227bd88fc_9054"
    },
    {
        "name": "Tabakwickel niedrig",
        "beschreibung": "",
        "fraktion_id": "6822724d83992_8374",
        "id": "682522b2e529c_6533"
    }
]