[
    {
        "title": "Feld\u00fcbung - Bankraub - Szenario",
        "date": "2025-05-10",
        "time": "20:00",
        "description": "Treffpunkt Valentine Bank\r\n\r\nTeilnahme: U.S. Marshals und Justizmitarbeiter",
        "created_by": "admin",
        "created_by_name": "OConnor",
        "id": "681ba917068157.92301577",
        "date_created": "2025-05-07 18:40:23"
    },
    {
        "title": "County-Rat",
        "date": "2025-05-24",
        "time": "20:00",
        "description": "Beim Pr\u00e4sidentenanwesen",
        "created_by": "admin",
        "created_by_name": "OConnor",
        "id": "682ba5cd9f7b13.87009125",
        "date_created": "2025-05-19 21:42:37"
    },
    {
        "title": "Feld\u00fcbung Bankraub-Szenario",
        "date": "1899-06-07",
        "time": "20:45",
        "description": "Feld\u00fcbung  Bankraub-Szenario\r\n\r\nAllgemeine Informationen:\r\nDatum der \u00dcbung: Samstag den 07.06.1899\r\nUhrzeit: 20 Uhr Treffpunkt vor dem Department SD\r\n              20:45 Uhr Durchf\u00fchrung des Szenarios\r\nOrt: Bank in Valentine \r\n\r\nArt des Szenarios: Bankraub mit Geiselnahme\r\nBeteiligte Personen: Sheriff Department, U.S Army, U.S Marshals , \u00c4rzte und Justiz\r\n\r\nAblauf der \u00dcbung: realistische Nachstellung und Ablauf eines Bankraubs mit Geiselnahme. Zur Verbesserung der Teamarbeit, Kommunikation sowie Verhandlungsabl\u00e4ufen. \r\n\r\nAnschlie\u00dfend:  Gemeinsame Reflektion, Ansprache von Verbesserungsm\u00f6glichkeiten sowie Lob und Kritik",
        "created_by": "6818c91b77ff06.60224903",
        "created_by_name": "Bubba",
        "id": "6838d813578899.93914189",
        "date_created": "2025-05-29 21:56:35"
    },
    {
        "title": "Holloway Zeitung",
        "date": "2025-12-28",
        "time": "20:00",
        "description": "Interview Holloway Zeitung Mr.Oconnor u Mr Rhodes",
        "created_by": "68141f488ea9a1.42837906",
        "created_by_name": "Rhodes",
        "id": "694bf29f4ef869.75887870",
        "date_created": "2025-12-24 14:03:11"
    }
]