[
    {
        "id": "681381f8de5f38.34434725",
        "name": "Dienstpferde Justiz",
        "description": "Dienstpferde f\u00fcr Justizmitarbeiter",
        "date_created": "2025-05-01 14:15:20"
    },
    {
        "id": "6819173412fa28.00495851",
        "name": "Navy Revolver (U.S Marshal)",
        "description": "",
        "date_created": "2025-05-05 19:53:24"
    },
    {
        "id": "68191d32414009.03664941",
        "name": "Pump Action (U.S Marshal)",
        "description": "",
        "date_created": "2025-05-05 20:18:58"
    },
    {
        "id": "68191e03566e88.08252159",
        "name": "Bolt Action (U.S Marshal)",
        "description": "",
        "date_created": "2025-05-05 20:22:27"
    },
    {
        "id": "68192209ac3c08.75952825",
        "name": "Dienstpferde (U.S Marshal)",
        "description": "",
        "date_created": "2025-05-05 20:39:37"
    },
    {
        "id": "681bd28fcfc809.26326382",
        "name": "Boote (U.S Marshal)",
        "description": "Dienstboote",
        "date_created": "2025-05-07 21:37:19"
    }
]