[
    {
        "id": "681272d62120e",
        "case_id": "001-2025",
        "title": "Anklageschrift gegen John Doe",
        "content": "ANKLAGESCHRIFT\n\nDie Staatsanwaltschaft klagt den am 15.01.1985 in Berlin geborenen John Doe des schweren Raubs an.\n\nTatvorwurf:\nDer Angeschuldigte hat am 10.01.2025 gegen 22:30 Uhr in der Bankfiliale in der Hauptstra\u00dfe 10 unter Vorhalt einer Schusswaffe 12.500\u20ac erbeutet.",
        "prosecutor_id": "mross",
        "prosecutor_name": "Mary Ross",
        "status": "submitted",
        "date_created": "2025-04-21 18:58:30",
        "date_updated": "2025-04-21 18:58:30",
        "date_submitted": "2025-04-21 18:58:30",
        "process_date": null,
        "processed_by": null,
        "processed_by_name": null,
        "rejection_reason": null,
        "trial_date": null,
        "trial_notes": null,
        "verdict": null,
        "verdict_date": null,
        "verdict_by": null,
        "verdict_by_name": null
    },
    {
        "id": "681272d621219",
        "case_id": "002-2025",
        "title": "Anklageschrift gegen Jane Smith",
        "content": "ANKLAGESCHRIFT\n\nDie Staatsanwaltschaft klagt die am 23.05.1978 in Hamburg geborene Jane Smith des Betrugs in mehreren F\u00e4llen an.\n\nTatvorwurf:\nDie Angeschuldigte hat im Zeitraum von Januar bis Oktober 2024 insgesamt 15 Personen durch betr\u00fcgerische Anlageversprechen um insgesamt 127.500\u20ac betrogen.",
        "prosecutor_id": "mross",
        "prosecutor_name": "Mary Ross",
        "status": "accepted",
        "date_created": "2025-04-16 18:58:30",
        "date_updated": "2025-04-16 18:58:30",
        "date_submitted": "2025-04-16 18:58:30",
        "process_date": "2025-04-20 18:58:30",
        "processed_by": "jpierce",
        "processed_by_name": "John Pierce",
        "rejection_reason": null,
        "trial_date": "2025-05-21 18:58:30",
        "trial_notes": "Der Fall wird wegen seines Umfangs voraussichtlich mehrere Verhandlungstage erfordern.",
        "verdict": null,
        "verdict_date": null,
        "verdict_by": null,
        "verdict_by_name": null
    },
    {
        "id": "681272d621224",
        "case_id": "003-2025",
        "title": "Anklageschrift gegen Robert Brown",
        "content": "ANKLAGESCHRIFT\n\nDie Staatsanwaltschaft klagt den am 05.08.1990 in M\u00fcnchen geborenen Robert Brown der K\u00f6rperverletzung an.\n\nTatvorwurf:\nDer Angeschuldigte hat am 01.12.2024 gegen 01:15 Uhr in der Diskothek 'Nachtleben' dem Opfer Max M\u00fcller mit der Faust ins Gesicht geschlagen und ihm dadurch eine Nasenbeinfraktur zugef\u00fcgt.",
        "prosecutor_id": "mross",
        "prosecutor_name": "Mary Ross",
        "status": "completed",
        "date_created": "2025-04-01 18:58:30",
        "date_updated": "2025-04-01 18:58:30",
        "date_submitted": "2025-04-01 18:58:30",
        "process_date": "2025-04-05 18:58:30",
        "processed_by": "jpierce",
        "processed_by_name": "John Pierce",
        "rejection_reason": null,
        "trial_date": "2025-04-23 18:58:30",
        "trial_notes": null,
        "verdict": "Der Angeklagte Robert Brown wird wegen K\u00f6rperverletzung zu einer Geldstrafe von 90 Tagess\u00e4tzen zu je 40\u20ac verurteilt.\n\nDie Kosten des Verfahrens tr\u00e4gt der Angeklagte.",
        "verdict_date": "2025-04-25 18:58:30",
        "verdict_by": "jpierce",
        "verdict_by_name": "John Pierce"
    },
    {
        "id": "681272d621230",
        "case_id": "004-2025",
        "title": "Anklageschrift gegen Laura Johnson",
        "content": "ANKLAGESCHRIFT\n\nDie Staatsanwaltschaft klagt die am 17.03.1995 in Frankfurt geborene Laura Johnson des unerlaubten Besitzes von Bet\u00e4ubungsmitteln an.\n\nTatvorwurf:\nDie Angeschuldigte wurde am 22.01.2025 gegen 15:45 Uhr im Stadtpark mit 10g Kokain angetroffen, welches sie zum Eigenkonsum mit sich f\u00fchrte.",
        "prosecutor_id": "mross",
        "prosecutor_name": "Mary Ross",
        "status": "submitted",
        "date_created": "2025-04-23 18:58:30",
        "date_updated": "2025-04-23 18:58:30",
        "date_submitted": "2025-04-23 18:58:30",
        "process_date": null,
        "processed_by": null,
        "processed_by_name": null,
        "rejection_reason": null,
        "trial_date": null,
        "trial_notes": null,
        "verdict": null,
        "verdict_date": null,
        "verdict_by": null,
        "verdict_by_name": null
    },
    {
        "case_id": "123",
        "content": "KLAGESCHRIFT\r\n\r\nGegen: Peter Pan\r\n\r\nVerbrechen: Diebstahl\r\nDatum des Verbrechens: 22.04.2025\r\nOrt des Verbrechens: Ost\r\n\r\nBeschreibung des Sachverhalts:\r\n[Detaillierte Beschreibung des Sachverhalts einf\u00fcgen]\r\n\r\nDer Angeklagte wird hiermit beschuldigt, am 22.04.2025 in Ost [Beschreibung der kriminellen Handlung] begangen zu haben, was einen Versto\u00df gegen [relevantes Gesetz\/Paragraf] darstellt.\r\n\r\nDie Staatsanwaltschaft ersucht um Anklageerhebung.\r\n\r\nDatum: 30.04.2025\r\n\r\nOConnor\nChief Justice\n30.04.2025",
        "prosecutor_id": "admin",
        "prosecutor_name": "OConnor",
        "status": "completed",
        "date_created": "2025-04-30 19:57:37",
        "id": "681280b1aeb924.81757989",
        "processor_id": "admin",
        "processor_name": "OConnor",
        "process_date": "2025-04-30 19:57:52",
        "judge_id": "admin",
        "judge_name": "OConnor",
        "decision_history": [
            {
                "status": "accepted",
                "date": "2025-04-30 19:57:52",
                "processor_id": "admin",
                "processor_name": "OConnor",
                "comment": ""
            }
        ],
        "judgment": "",
        "acceptance_date": "2025-04-30 19:57:52",
        "date_updated": "2025-04-30 19:59:15",
        "trial_date": "2025-04-30 22:00:00",
        "trial_notes": "",
        "scheduled_by": "admin",
        "scheduled_by_name": "OConnor",
        "verdict": "200$ und 60 HE",
        "verdict_date": "2025-04-30",
        "verdict_by": "admin",
        "verdict_by_name": "OConnor"
    },
    {
        "case_id": "012",
        "content": "KLAGESCHRIFT\r\n\r\nGegen: Peter Pan\r\n\r\nVerbrechen: Diebstahl\r\nDatum des Verbrechens: 01.05.2025\r\nOrt des Verbrechens: Ost\r\n\r\nBeschreibung des Sachverhalts:\r\n[Detaillierte Beschreibung des Sachverhalts einf\u00fcgen]\r\n\r\nDer Angeklagte wird hiermit beschuldigt, am 01.05.2025 in Ost [Beschreibung der kriminellen Handlung] begangen zu haben, was einen Versto\u00df gegen [relevantes Gesetz\/Paragraf] darstellt.\r\n\r\nDie Staatsanwaltschaft ersucht um Anklageerhebung.\r\n\r\nDatum: 30.04.2025\r\n\r\nOConnor\nChief Justice\n30.04.2025",
        "prosecutor_id": "admin",
        "prosecutor_name": "OConnor",
        "status": "completed",
        "date_created": "2025-04-30 22:35:37",
        "id": "6812a5b91b8cc9.84963713",
        "processor_id": "admin",
        "processor_name": "OConnor",
        "process_date": "2025-04-30 22:35:54",
        "judge_id": "admin",
        "judge_name": "OConnor",
        "decision_history": [
            {
                "status": "accepted",
                "date": "2025-04-30 22:35:54",
                "processor_id": "admin",
                "processor_name": "OConnor",
                "comment": ""
            }
        ],
        "judgment": "",
        "acceptance_date": "2025-04-30 22:35:54",
        "date_updated": "2025-04-30 22:36:59",
        "verdict": "Kennste",
        "verdict_date": "2025-04-30",
        "verdict_by": "admin",
        "verdict_by_name": "OConnor"
    },
    {
        "case_id": "009",
        "content": "KLAGESCHRIFT\r\n\r\nGegen: Peter Pan\r\n\r\nVerbrechen: Diebstahl\r\nDatum des Verbrechens: 29.04.2025\r\nOrt des Verbrechens: Ost\r\n\r\nBeschreibung des Sachverhalts:\r\n[Detaillierte Beschreibung des Sachverhalts einf\u00fcgen]\r\n\r\nDer Angeklagte wird hiermit beschuldigt, am 29.04.2025 in Ost [Beschreibung der kriminellen Handlung] begangen zu haben, was einen Versto\u00df gegen [relevantes Gesetz\/Paragraf] darstellt.\r\n\r\nDie Staatsanwaltschaft ersucht um Anklageerhebung.\r\n\r\nDatum: 30.04.2025\r\n\r\nOConnor\nChief Justice\n30.04.2025",
        "prosecutor_id": "admin",
        "prosecutor_name": "OConnor",
        "status": "completed",
        "date_created": "2025-04-30 22:56:05",
        "id": "6812aa85312647.08308596",
        "processor_id": "admin",
        "processor_name": "OConnor",
        "process_date": "2025-04-30 22:56:29",
        "judge_id": "admin",
        "judge_name": "OConnor",
        "decision_history": [
            {
                "status": "accepted",
                "date": "2025-04-30 22:56:29",
                "processor_id": "admin",
                "processor_name": "OConnor",
                "comment": ""
            }
        ],
        "judgment": "",
        "acceptance_date": "2025-04-30 22:56:29",
        "date_updated": "2025-04-30 22:56:48",
        "verdict": "100\u00a7",
        "verdict_date": "2025-04-30",
        "verdict_by": "admin",
        "verdict_by_name": "OConnor"
    },
    {
        "case_id": "121",
        "content": "KLAGESCHRIFT\r\n\r\nGegen: Peter Pan\r\n\r\nVerbrechen: Betrug\r\nDatum des Verbrechens: 30.04.2025\r\nOrt des Verbrechens: Ost\r\n\r\nBeschreibung des Sachverhalts:\r\n[Detaillierte Beschreibung des Sachverhalts einf\u00fcgen]\r\n\r\nDer Angeklagte wird hiermit beschuldigt, am 30.04.2025 in Ost [Beschreibung der kriminellen Handlung] begangen zu haben, was einen Versto\u00df gegen [relevantes Gesetz\/Paragraf] darstellt.\r\n\r\nDie Staatsanwaltschaft ersucht um Anklageerhebung.\r\n\r\nDatum: 30.04.2025\r\n\r\nOConnor\nChief Justice\n30.04.2025",
        "prosecutor_id": "admin",
        "prosecutor_name": "OConnor",
        "status": "completed",
        "date_created": "2025-04-30 23:19:28",
        "id": "6812b000edd390.60416047",
        "processor_id": "admin",
        "processor_name": "OConnor",
        "process_date": "2025-04-30 23:19:55",
        "judge_id": "admin",
        "judge_name": "OConnor",
        "decision_history": [
            {
                "status": "accepted",
                "date": "2025-04-30 23:19:55",
                "processor_id": "admin",
                "processor_name": "OConnor",
                "comment": ""
            }
        ],
        "judgment": "",
        "acceptance_date": "2025-04-30 23:19:55",
        "date_updated": "2025-04-30 23:20:07",
        "verdict": "60 HE",
        "verdict_date": "2025-04-30",
        "verdict_by": "admin",
        "verdict_by_name": "OConnor"
    },
    {
        "case_id": "023",
        "content": "KLAGESCHRIFT\r\n\r\nGegen: Peter Pan\r\n\r\nVerbrechen: Betrug\r\nDatum des Verbrechens: 30.04.2025\r\nOrt des Verbrechens: Ost\r\n\r\nBeschreibung des Sachverhalts:\r\n[Detaillierte Beschreibung des Sachverhalts einf\u00fcgen]\r\n\r\nDer Angeklagte wird hiermit beschuldigt, am 30.04.2025 in Ost [Beschreibung der kriminellen Handlung] begangen zu haben, was einen Versto\u00df gegen [relevantes Gesetz\/Paragraf] darstellt.\r\n\r\nDie Staatsanwaltschaft ersucht um Anklageerhebung.\r\n\r\nDatum: 30.04.2025\r\n\r\nOConnor\nChief Justice\n30.04.2025",
        "prosecutor_id": "admin",
        "prosecutor_name": "OConnor",
        "status": "completed",
        "date_created": "2025-04-30 23:26:32",
        "id": "6812b1a8d0bd19.09612033",
        "processor_id": "admin",
        "processor_name": "OConnor",
        "process_date": "2025-04-30 23:26:49",
        "judge_id": "admin",
        "judge_name": "OConnor",
        "decision_history": [
            {
                "status": "accepted",
                "date": "2025-04-30 23:26:49",
                "processor_id": "admin",
                "processor_name": "OConnor",
                "comment": ""
            }
        ],
        "judgment": "",
        "acceptance_date": "2025-04-30 23:26:49",
        "date_updated": "2025-04-30 23:27:20",
        "verdict": "Ist jetzt so",
        "verdict_date": "2025-04-30",
        "verdict_by": "admin",
        "verdict_by_name": "OConnor"
    },
    {
        "case_id": "122",
        "content": "KLAGESCHRIFT\r\n\r\nGegen: Peter Pan\r\n\r\nVerbrechen: Diebstahl\r\nDatum des Verbrechens: 30.04.2025\r\nOrt des Verbrechens: Ost\r\n\r\nBeschreibung des Sachverhalts:\r\n[Detaillierte Beschreibung des Sachverhalts einf\u00fcgen]\r\n\r\nDer Angeklagte wird hiermit beschuldigt, am 30.04.2025 in Ost [Beschreibung der kriminellen Handlung] begangen zu haben, was einen Versto\u00df gegen [relevantes Gesetz\/Paragraf] darstellt.\r\n\r\nDie Staatsanwaltschaft ersucht um Anklageerhebung.\r\n\r\nDatum: 30.04.2025\r\n\r\nOConnor\nChief Justice\n30.04.2025",
        "prosecutor_id": "admin",
        "prosecutor_name": "OConnor",
        "status": "completed",
        "date_created": "2025-04-30 23:41:42",
        "id": "6812b536965d56.07312965",
        "processor_id": "admin",
        "processor_name": "OConnor",
        "process_date": "2025-04-30 23:42:02",
        "judge_id": "admin",
        "judge_name": "OConnor",
        "decision_history": [
            {
                "status": "accepted",
                "date": "2025-04-30 23:42:02",
                "processor_id": "admin",
                "processor_name": "OConnor",
                "comment": ""
            }
        ],
        "judgment": "",
        "acceptance_date": "2025-04-30 23:42:02",
        "date_updated": "2025-04-30 23:44:23",
        "verdict": "1234567",
        "verdict_date": "2025-04-30",
        "verdict_by": "admin",
        "verdict_by_name": "OConnor"
    },
    {
        "case_id": "32",
        "content": "KLAGESCHRIFT\r\n\r\nGegen: Alexander von Mayn\r\n\r\nVerbrechen: Entf\u00fchrung\r\nDatum des Verbrechens: 29.05.2025\r\nOrt des Verbrechens: Ost\r\n\r\nBeschreibung des Sachverhalts:\r\nEntf\u00fchrung von Mr.Duran durch den Angeklagten. \r\n\r\nDer Angeklagte wird hiermit beschuldigt, am 29.05.2025 in Ost Mr.Duran entf\u00fchrt  zu haben, was einen Versto\u00df gegen Entf\u00fchrung \u00a719 darstellt.\r\n\r\nDie Staatsanwaltschaft ersucht um Anklageerhebung.\r\n\r\nDatum: 30.05.2025\r\n\r\nBubba Barns\nProsecutor\n30.05.1899",
        "prosecutor_id": "6818c91b77ff06.60224903",
        "prosecutor_name": "Bubba",
        "status": "scheduled",
        "date_created": "2025-05-30 22:22:05",
        "id": "683a2f8dc40176.04744277",
        "processor_id": "admin",
        "processor_name": "OConnor",
        "process_date": "2025-06-01 21:15:07",
        "judge_id": "admin",
        "judge_name": "OConnor",
        "decision_history": [
            {
                "status": "accepted",
                "date": "2025-06-01 21:15:07",
                "processor_id": "admin",
                "processor_name": "OConnor",
                "comment": ""
            }
        ],
        "judgment": "",
        "acceptance_date": "2025-06-01 21:15:07",
        "date_updated": "2025-06-02 20:30:09",
        "trial_date": "2025-06-05 20:15:00",
        "trial_notes": "Beisitz: Jack Weber\r\nStaatsanwalt: Bubba Barns",
        "scheduled_by": "admin",
        "scheduled_by_name": "OConnor"
    }
]