[
    {
        "id": "681273659a1b51.11278103",
        "user_id": "admin",
        "timestamp": "2025-04-30 19:00:53",
        "ip_address": "172.31.128.90",
        "success": true
    },
    {
        "id": "68127f7cd6ccb3.52793420",
        "user_id": "admin",
        "timestamp": "2025-04-30 19:52:28",
        "ip_address": "172.31.128.90",
        "success": true
    },
    {
        "id": "6812aa6182f341.82969890",
        "user_id": "admin",
        "timestamp": "2025-04-30 22:55:29",
        "ip_address": "172.31.128.33",
        "success": true
    },
    {
        "id": "6812af6b18abf5.20163291",
        "user_id": "admin",
        "timestamp": "2025-04-30 23:16:59",
        "ip_address": "172.31.128.54",
        "success": true
    },
    {
        "id": "6812bfc1578911.34075379",
        "user_id": "admin",
        "timestamp": "2025-05-01 00:26:41",
        "ip_address": "172.31.128.5",
        "success": true
    },
    {
        "id": "6812bff6820042.55465410",
        "user_id": "6812857e4bde78.11080232",
        "timestamp": "2025-05-01 00:27:34",
        "ip_address": "172.31.128.5",
        "success": true
    },
    {
        "id": "6812c1ab11f377.02737268",
        "user_id": "admin",
        "timestamp": "2025-05-01 00:34:51",
        "ip_address": "172.31.128.5",
        "success": true
    },
    {
        "id": "6812c1f0a69e51.62791412",
        "user_id": "6812857e4bde78.11080232",
        "timestamp": "2025-05-01 00:36:00",
        "ip_address": "172.31.128.5",
        "success": true
    },
    {
        "id": "6812d17ecb8ff3.72965190",
        "user_id": "admin",
        "timestamp": "2025-05-01 01:42:22",
        "ip_address": "172.31.128.5",
        "success": true
    },
    {
        "id": "6812dc13784b83.12535670",
        "user_id": "6812854c748ac7.91529929",
        "timestamp": "2025-05-01 02:27:31",
        "ip_address": "2003:6:23e4:5759:5896:1452:c920:e40e",
        "success": true
    },
    {
        "id": "6812dc66769444.51051899",
        "user_id": "6812857e4bde78.11080232",
        "timestamp": "2025-05-01 02:28:54",
        "ip_address": "2a06:34c0:a08:3900:988b:f441:4900:9a9e",
        "success": true
    },
    {
        "id": "6812dd1746c518.77815683",
        "user_id": "6812857e4bde78.11080232",
        "timestamp": "2025-05-01 02:31:51",
        "ip_address": "2a06:34c0:a08:3900:988b:f441:4900:9a9e",
        "success": true
    },
    {
        "id": "6812dd20831479.01190718",
        "user_id": "6812857e4bde78.11080232",
        "timestamp": "2025-05-01 02:32:00",
        "ip_address": "2a06:34c0:a08:3900:988b:f441:4900:9a9e",
        "success": true
    },
    {
        "id": "6812dd2d8c43f6.45069127",
        "user_id": "6812857e4bde78.11080232",
        "timestamp": "2025-05-01 02:32:13",
        "ip_address": "2a06:34c0:a08:3900:988b:f441:4900:9a9e",
        "success": true
    },
    {
        "id": "6812dd2f760974.91305135",
        "user_id": "6812857e4bde78.11080232",
        "timestamp": "2025-05-01 02:32:15",
        "ip_address": "2a06:34c0:a08:3900:988b:f441:4900:9a9e",
        "success": true
    },
    {
        "id": "6812dd35f00d63.19067214",
        "user_id": "6812857e4bde78.11080232",
        "timestamp": "2025-05-01 02:32:21",
        "ip_address": "2a06:34c0:a08:3900:988b:f441:4900:9a9e",
        "success": true
    },
    {
        "id": "6812dd4b7c50b2.36326841",
        "user_id": "6812857e4bde78.11080232",
        "timestamp": "2025-05-01 02:32:43",
        "ip_address": "2a06:34c0:a08:3900:988b:f441:4900:9a9e",
        "success": true
    },
    {
        "id": "6812dd76166b36.68979400",
        "user_id": "6812857e4bde78.11080232",
        "timestamp": "2025-05-01 02:33:26",
        "ip_address": "2a06:34c0:a08:3900:988b:f441:4900:9a9e",
        "success": true
    },
    {
        "id": "6812df1115c8b8.70679111",
        "user_id": "6812857e4bde78.11080232",
        "timestamp": "2025-05-01 02:40:17",
        "ip_address": "2a06:34c0:a08:3900:988b:f441:4900:9a9e",
        "success": true
    },
    {
        "id": "6812df60475aa9.43338162",
        "user_id": "admin",
        "timestamp": "2025-05-01 02:41:36",
        "ip_address": "2a02:810a:b89:da00:3011:72ba:d9ca:7c9b",
        "success": true
    },
    {
        "id": "6812df94056ba6.38338024",
        "user_id": "6812df887618a4.78112601",
        "timestamp": "2025-05-01 02:42:28",
        "ip_address": "2a06:34c0:a08:3900:988b:f441:4900:9a9e",
        "success": true
    },
    {
        "id": "6813605d2f2872.28727748",
        "user_id": "admin",
        "timestamp": "2025-05-01 11:51:57",
        "ip_address": "2a02:810a:b89:da00:d00c:97d7:b51c:2b63",
        "success": true
    },
    {
        "id": "6813702e27c3d0.93114353",
        "user_id": "6812df887618a4.78112601",
        "timestamp": "2025-05-01 12:59:26",
        "ip_address": "2a06:34c0:a08:3900:8893:cd59:90f8:1b60",
        "success": true
    },
    {
        "id": "68138a6e144f51.50220433",
        "user_id": "6812df887618a4.78112601",
        "timestamp": "2025-05-01 14:51:26",
        "ip_address": "2a06:34c0:a08:3900:8893:cd59:90f8:1b60",
        "success": true
    },
    {
        "id": "6813992ea16953.69111912",
        "user_id": "6812df887618a4.78112601",
        "timestamp": "2025-05-01 15:54:22",
        "ip_address": "2a02:3036:2e0:440d:eca8:a5c:9fca:ed01",
        "success": true
    },
    {
        "id": "6813b76dca82a4.29691115",
        "user_id": "admin",
        "timestamp": "2025-05-01 18:03:25",
        "ip_address": "2a02:810a:b89:da00:d00c:97d7:b51c:2b63",
        "success": true
    },
    {
        "id": "6813bfa7dde446.06973226",
        "user_id": "6812df887618a4.78112601",
        "timestamp": "2025-05-01 18:38:31",
        "ip_address": "2a06:34c0:a08:3900:8893:cd59:90f8:1b60",
        "success": true
    },
    {
        "id": "6813c94f2df069.87310018",
        "user_id": "6812df887618a4.78112601",
        "timestamp": "2025-05-01 19:19:43",
        "ip_address": "2a06:34c0:a08:3900:8893:cd59:90f8:1b60",
        "success": true
    },
    {
        "id": "6813cc2b923593.43610482",
        "user_id": "6812df887618a4.78112601",
        "timestamp": "2025-05-01 19:31:55",
        "ip_address": "2a06:34c0:a08:3900:8893:cd59:90f8:1b60",
        "success": true
    },
    {
        "id": "6813cec6ce23d8.83713805",
        "user_id": "6812df887618a4.78112601",
        "timestamp": "2025-05-01 19:43:02",
        "ip_address": "2a06:34c0:a08:3900:8893:cd59:90f8:1b60",
        "success": true
    },
    {
        "id": "6813dace84d273.48595751",
        "user_id": "6812df887618a4.78112601",
        "timestamp": "2025-05-01 20:34:22",
        "ip_address": "2a06:34c0:a08:3900:8893:cd59:90f8:1b60",
        "success": true
    },
    {
        "id": "6813dade57cb35.54864535",
        "user_id": "6812df887618a4.78112601",
        "timestamp": "2025-05-01 20:34:38",
        "ip_address": "2a06:34c0:a08:3900:8893:cd59:90f8:1b60",
        "success": true
    },
    {
        "id": "6813dae88cb040.78569100",
        "user_id": "6812df887618a4.78112601",
        "timestamp": "2025-05-01 20:34:48",
        "ip_address": "2a06:34c0:a08:3900:8893:cd59:90f8:1b60",
        "success": true
    },
    {
        "id": "6813dafe27a890.96700958",
        "user_id": "6812df887618a4.78112601",
        "timestamp": "2025-05-01 20:35:10",
        "ip_address": "2a06:34c0:a08:3900:8893:cd59:90f8:1b60",
        "success": true
    },
    {
        "id": "6813db2b3fdf10.76587452",
        "user_id": "6812df887618a4.78112601",
        "timestamp": "2025-05-01 20:35:55",
        "ip_address": "2a06:34c0:a08:3900:8893:cd59:90f8:1b60",
        "success": true
    },
    {
        "id": "6813e61cd99a58.86430883",
        "user_id": "6812df887618a4.78112601",
        "timestamp": "2025-05-01 21:22:36",
        "ip_address": "2a06:34c0:a08:3900:8893:cd59:90f8:1b60",
        "success": true
    },
    {
        "id": "6813e75a50e313.19450427",
        "user_id": "6812df887618a4.78112601",
        "timestamp": "2025-05-01 21:27:54",
        "ip_address": "2a06:34c0:a08:3900:8893:cd59:90f8:1b60",
        "success": true
    },
    {
        "id": "6813f1d2309ed3.56061271",
        "user_id": "admin",
        "timestamp": "2025-05-01 22:12:34",
        "ip_address": "2a02:810a:b89:da00:d00c:97d7:b51c:2b63",
        "success": true
    },
    {
        "id": "68141812ef5852.97732010",
        "user_id": "6812df887618a4.78112601",
        "timestamp": "2025-05-02 00:55:46",
        "ip_address": "2a06:34c0:a08:3900:8893:cd59:90f8:1b60",
        "success": true
    },
    {
        "id": "68141ee0710d00.77090516",
        "user_id": "admin",
        "timestamp": "2025-05-02 01:24:48",
        "ip_address": "2a02:810a:b89:da00:d00c:97d7:b51c:2b63",
        "success": true
    },
    {
        "id": "68141f602f4451.73015597",
        "user_id": "admin",
        "timestamp": "2025-05-02 01:26:56",
        "ip_address": "2a02:810a:b89:da00:d00c:97d7:b51c:2b63",
        "success": true
    },
    {
        "id": "6814259e430736.22872189",
        "user_id": "68141f488ea9a1.42837906",
        "timestamp": "2025-05-02 01:53:34",
        "ip_address": "2003:6:23e4:5706:edb3:7844:3545:bcb9",
        "success": true
    },
    {
        "id": "681425cdbe9a17.25142097",
        "user_id": "admin",
        "timestamp": "2025-05-02 01:54:21",
        "ip_address": "2a02:810a:b89:da00:d00c:97d7:b51c:2b63",
        "success": true
    },
    {
        "id": "6815197e398014.85265814",
        "user_id": "admin",
        "timestamp": "2025-05-02 19:14:06",
        "ip_address": "2a02:810a:b89:da00:3de6:a2d4:dbde:ef30",
        "success": true
    },
    {
        "id": "68151ba0b5ad66.20279618",
        "user_id": "681519eda39c90.99105169",
        "timestamp": "2025-05-02 19:23:12",
        "ip_address": "83.164.55.118",
        "success": true
    },
    {
        "id": "68151bd382bb40.61233972",
        "user_id": "68141f488ea9a1.42837906",
        "timestamp": "2025-05-02 19:24:03",
        "ip_address": "2003:6:23e4:5706:7d82:7302:d31c:1657",
        "success": true
    },
    {
        "id": "681555d0c63d24.86326894",
        "user_id": "admin",
        "timestamp": "2025-05-02 23:31:28",
        "ip_address": "2a02:810a:b89:da00:3de6:a2d4:dbde:ef30",
        "success": true
    },
    {
        "id": "681567de206af4.09339013",
        "user_id": "admin",
        "timestamp": "2025-05-03 00:48:30",
        "ip_address": "2a02:810a:b89:da00:3de6:a2d4:dbde:ef30",
        "success": true
    },
    {
        "id": "68160e753585c3.89126686",
        "user_id": "68141f488ea9a1.42837906",
        "timestamp": "2025-05-03 12:39:17",
        "ip_address": "2003:6:23e4:5738:d869:be3:dde4:88e0",
        "success": true
    },
    {
        "id": "6816621a3bc321.28774593",
        "user_id": "6812df887618a4.78112601",
        "timestamp": "2025-05-03 18:36:10",
        "ip_address": "2a06:34c0:a08:3900:548f:955d:9263:64c7",
        "success": true
    },
    {
        "id": "68168d75cb4d34.37840321",
        "user_id": "admin",
        "timestamp": "2025-05-03 21:41:09",
        "ip_address": "2a02:810a:b89:da00:dd75:5fd7:5cdc:4c65",
        "success": true
    },
    {
        "id": "6816b7118ed077.57984886",
        "user_id": "681519eda39c90.99105169",
        "timestamp": "2025-05-04 00:38:41",
        "ip_address": "83.164.55.118",
        "success": true
    },
    {
        "id": "6816bcee9115a6.65091727",
        "user_id": "admin",
        "timestamp": "2025-05-04 01:03:42",
        "ip_address": "2a02:810a:b89:da00:dd75:5fd7:5cdc:4c65",
        "success": true
    },
    {
        "id": "6816d0b37a2637.61678662",
        "user_id": "68141f488ea9a1.42837906",
        "timestamp": "2025-05-04 02:28:03",
        "ip_address": "2003:6:23e4:57df:b54b:f9b1:ed36:3bc2",
        "success": true
    },
    {
        "id": "68176d84855193.24228006",
        "user_id": "681519eda39c90.99105169",
        "timestamp": "2025-05-04 13:37:08",
        "ip_address": "83.164.55.118",
        "success": true
    },
    {
        "id": "68178e48b54330.29648005",
        "user_id": "admin",
        "timestamp": "2025-05-04 15:56:56",
        "ip_address": "2a02:810a:b89:da00:cd4b:b130:6b5e:486a",
        "success": true
    },
    {
        "id": "68178feb85cf03.50107587",
        "user_id": "68178e9b8b7284.17116908",
        "timestamp": "2025-05-04 16:03:55",
        "ip_address": "2a00:e180:157b:a000:9c40:786a:4a8c:a79f",
        "success": true
    },
    {
        "id": "68178ff9699146.73975633",
        "user_id": "68178e9b8b7284.17116908",
        "timestamp": "2025-05-04 16:04:09",
        "ip_address": "2a00:e180:157b:a000:9c40:786a:4a8c:a79f",
        "success": true
    },
    {
        "id": "68179336b5e369.26519361",
        "user_id": "6812df887618a4.78112601",
        "timestamp": "2025-05-04 16:17:58",
        "ip_address": "2a06:34c0:a08:3900:34b8:31b8:d183:7508",
        "success": true
    },
    {
        "id": "6817d797ce8545.09902806",
        "user_id": "admin",
        "timestamp": "2025-05-04 21:09:43",
        "ip_address": "2003:f3:bf26:2a00:65d0:2e80:b8d3:655e",
        "success": true
    },
    {
        "id": "6818c129358a78.55210951",
        "user_id": "68141f488ea9a1.42837906",
        "timestamp": "2025-05-05 13:46:17",
        "ip_address": "2003:6:23e4:5793:b5fb:cbf1:423a:69f7",
        "success": true
    },
    {
        "id": "6818c9635d2c14.38118082",
        "user_id": "6818c91b77ff06.60224903",
        "timestamp": "2025-05-05 14:21:23",
        "ip_address": "46.125.249.63",
        "success": true
    },
    {
        "id": "6818e49c15aef4.26128414",
        "user_id": "68141f488ea9a1.42837906",
        "timestamp": "2025-05-05 16:17:32",
        "ip_address": "2003:6:23e4:5793:b5fb:cbf1:423a:69f7",
        "success": true
    },
    {
        "id": "68190f05db6445.49120806",
        "user_id": "6812df887618a4.78112601",
        "timestamp": "2025-05-05 19:18:29",
        "ip_address": "2a06:34c0:a08:3900:969:d322:b3d3:1bcf",
        "success": true
    },
    {
        "id": "681911c1dcd762.66103430",
        "user_id": "admin",
        "timestamp": "2025-05-05 19:30:09",
        "ip_address": "2003:f3:bf40:d600:102b:b929:7eb4:fa80",
        "success": true
    },
    {
        "id": "68191375de4077.42154281",
        "user_id": "68178e9b8b7284.17116908",
        "timestamp": "2025-05-05 19:37:25",
        "ip_address": "2a00:e180:157b:a000:50b0:941d:7fcd:7b0",
        "success": true
    },
    {
        "id": "68191597add439.51259113",
        "user_id": "681519eda39c90.99105169",
        "timestamp": "2025-05-05 19:46:31",
        "ip_address": "83.164.55.118",
        "success": true
    },
    {
        "id": "68191e5bdaa408.79329344",
        "user_id": "6812df887618a4.78112601",
        "timestamp": "2025-05-05 20:23:55",
        "ip_address": "2a06:34c0:a08:3900:969:d322:b3d3:1bcf",
        "success": true
    },
    {
        "id": "68192d79ac8fc1.94912924",
        "user_id": "68178e9b8b7284.17116908",
        "timestamp": "2025-05-05 21:28:25",
        "ip_address": "2a00:e180:157b:a000:50b0:941d:7fcd:7b0",
        "success": true
    },
    {
        "id": "681937bbd95fd5.59728507",
        "user_id": "admin",
        "timestamp": "2025-05-05 22:12:11",
        "ip_address": "2003:f3:bf40:d600:102b:b929:7eb4:fa80",
        "success": true
    },
    {
        "id": "6819de39766909.41357782",
        "user_id": "6818c91b77ff06.60224903",
        "timestamp": "2025-05-06 10:02:33",
        "ip_address": "46.125.249.63",
        "success": false
    },
    {
        "id": "6819de4ec4b868.80356668",
        "user_id": "6818c91b77ff06.60224903",
        "timestamp": "2025-05-06 10:02:54",
        "ip_address": "46.125.249.63",
        "success": true
    },
    {
        "id": "6819df53827567.42812049",
        "user_id": "681519eda39c90.99105169",
        "timestamp": "2025-05-06 10:07:15",
        "ip_address": "83.164.55.118",
        "success": true
    },
    {
        "id": "681a294a92f1a4.13030858",
        "user_id": "6818c91b77ff06.60224903",
        "timestamp": "2025-05-06 15:22:50",
        "ip_address": "46.125.249.63",
        "success": true
    },
    {
        "id": "681a65833709a4.56064031",
        "user_id": "6818c91b77ff06.60224903",
        "timestamp": "2025-05-06 19:39:47",
        "ip_address": "46.125.249.63",
        "success": true
    },
    {
        "id": "681a7baacb2695.53114712",
        "user_id": "admin",
        "timestamp": "2025-05-06 21:14:18",
        "ip_address": "2003:f3:bf19:6d00:6dad:5960:f914:c353",
        "success": true
    },
    {
        "id": "681a903c483312.60899162",
        "user_id": "6818c91b77ff06.60224903",
        "timestamp": "2025-05-06 22:42:04",
        "ip_address": "46.125.249.63",
        "success": true
    },
    {
        "id": "681b8a3a235bd5.10629452",
        "user_id": "admin",
        "timestamp": "2025-05-07 16:28:42",
        "ip_address": "2a02:810a:b89:da00:358c:4313:52e3:8187",
        "success": true
    },
    {
        "id": "681b966b032966.84217952",
        "user_id": "admin",
        "timestamp": "2025-05-07 17:20:43",
        "ip_address": "2a02:810a:b89:da00:358c:4313:52e3:8187",
        "success": true
    },
    {
        "id": "681b97b1389fe0.51385225",
        "user_id": "6818c91b77ff06.60224903",
        "timestamp": "2025-05-07 17:26:09",
        "ip_address": "2001:4bc9:800:9ec9:2945:1d35:7ab1:6d08",
        "success": true
    },
    {
        "id": "681bb1bbbd1d30.65575116",
        "user_id": "681519eda39c90.99105169",
        "timestamp": "2025-05-07 19:17:15",
        "ip_address": "83.164.55.118",
        "success": true
    },
    {
        "id": "681bb5a16fc646.45621191",
        "user_id": "admin",
        "timestamp": "2025-05-07 19:33:53",
        "ip_address": "2a02:810a:b89:da00:358c:4313:52e3:8187",
        "success": true
    },
    {
        "id": "681bcbf90f8fe9.86512989",
        "user_id": "6818c91b77ff06.60224903",
        "timestamp": "2025-05-07 21:09:13",
        "ip_address": "2001:4bc9:800:9ec9:2945:1d35:7ab1:6d08",
        "success": true
    },
    {
        "id": "681bd3214d16b4.35165562",
        "user_id": "681519eda39c90.99105169",
        "timestamp": "2025-05-07 21:39:45",
        "ip_address": "83.164.55.118",
        "success": true
    },
    {
        "id": "681bdd87e660d3.49993490",
        "user_id": "admin",
        "timestamp": "2025-05-07 22:24:07",
        "ip_address": "2a02:810a:b89:da00:358c:4313:52e3:8187",
        "success": true
    },
    {
        "id": "681c61f75ce4a4.31823701",
        "user_id": "6818c91b77ff06.60224903",
        "timestamp": "2025-05-08 07:49:11",
        "ip_address": "2001:4bc9:800:9ec9:2945:1d35:7ab1:6d08",
        "success": true
    },
    {
        "id": "681c622f41eee4.35511977",
        "user_id": "6818c91b77ff06.60224903",
        "timestamp": "2025-05-08 07:50:07",
        "ip_address": "2001:4bc9:800:9ec9:2945:1d35:7ab1:6d08",
        "success": true
    },
    {
        "id": "681c9947e6ec28.43195935",
        "user_id": "6818c91b77ff06.60224903",
        "timestamp": "2025-05-08 11:45:11",
        "ip_address": "2001:4bc9:800:9ec9:8841:3c0a:c39a:80d8",
        "success": true
    },
    {
        "id": "681c994f7762c0.13681026",
        "user_id": "68141f488ea9a1.42837906",
        "timestamp": "2025-05-08 11:45:19",
        "ip_address": "2003:6:23e4:5732:c1d7:d116:513b:6c32",
        "success": true
    },
    {
        "id": "681cc2f31b88a3.63108996",
        "user_id": "6818c91b77ff06.60224903",
        "timestamp": "2025-05-08 14:42:59",
        "ip_address": "2001:4bc9:800:9ec9:8841:3c0a:c39a:80d8",
        "success": true
    },
    {
        "id": "681d009ee712f3.37490224",
        "user_id": "681519eda39c90.99105169",
        "timestamp": "2025-05-08 19:06:06",
        "ip_address": "83.164.55.118",
        "success": true
    },
    {
        "id": "681d1bc80700d0.78105993",
        "user_id": "681519eda39c90.99105169",
        "timestamp": "2025-05-08 21:02:00",
        "ip_address": "83.164.55.118",
        "success": true
    },
    {
        "id": "681d27896bc521.91472333",
        "user_id": "6818c91b77ff06.60224903",
        "timestamp": "2025-05-08 21:52:09",
        "ip_address": "2001:4bc9:800:9ec9:8841:3c0a:c39a:80d8",
        "success": true
    },
    {
        "id": "681ea7422644f0.28501291",
        "user_id": "admin",
        "timestamp": "2025-05-10 01:09:22",
        "ip_address": "2a02:810a:b89:da00:18d1:a5f6:bbf9:57dd",
        "success": true
    },
    {
        "id": "681f4dbd7619e6.06648004",
        "user_id": "6818c91b77ff06.60224903",
        "timestamp": "2025-05-10 12:59:41",
        "ip_address": "2001:4bc9:800:9ec9:5de2:ba7a:3de2:43f4",
        "success": true
    },
    {
        "id": "681f6dd0038998.68824121",
        "user_id": "6818c91b77ff06.60224903",
        "timestamp": "2025-05-10 15:16:32",
        "ip_address": "2001:4bc9:800:9ec9:5de2:ba7a:3de2:43f4",
        "success": true
    },
    {
        "id": "681f9315aaf568.52841753",
        "user_id": "admin",
        "timestamp": "2025-05-10 17:55:33",
        "ip_address": "2a02:810a:b89:da00:7cf9:cb62:6ff2:89b8",
        "success": true
    },
    {
        "id": "681fa7209ac728.38385794",
        "user_id": "admin",
        "timestamp": "2025-05-10 19:21:04",
        "ip_address": "2a02:810a:b89:da00:7cf9:cb62:6ff2:89b8",
        "success": true
    },
    {
        "id": "681fce02f00139.78763706",
        "user_id": "6812df887618a4.78112601",
        "timestamp": "2025-05-10 22:06:58",
        "ip_address": "2a06:34c0:a06:5900:c1ef:8dbb:388:ca3a",
        "success": true
    },
    {
        "id": "681fd99ec15568.58006851",
        "user_id": "6818c91b77ff06.60224903",
        "timestamp": "2025-05-10 22:56:30",
        "ip_address": "2001:4bc9:800:9ec9:5de2:ba7a:3de2:43f4",
        "success": true
    },
    {
        "id": "681fe88b57b509.00367194",
        "user_id": "admin",
        "timestamp": "2025-05-11 00:00:11",
        "ip_address": "2a02:810a:b89:da00:7cf9:cb62:6ff2:89b8",
        "success": true
    },
    {
        "id": "681fe8d5d120b2.34507369",
        "user_id": "admin",
        "timestamp": "2025-05-11 00:01:25",
        "ip_address": "2a02:810a:b89:da00:7cf9:cb62:6ff2:89b8",
        "success": true
    },
    {
        "id": "681fe8d7575644.97786977",
        "user_id": "68141f488ea9a1.42837906",
        "timestamp": "2025-05-11 00:01:27",
        "ip_address": "2003:6:23e4:5751:fdb6:e68e:f06a:64b3",
        "success": true
    },
    {
        "id": "68206eb08679d4.50067538",
        "user_id": "68141f488ea9a1.42837906",
        "timestamp": "2025-05-11 09:32:32",
        "ip_address": "2003:6:23e4:57d4:3cde:e1b0:d076:8e82",
        "success": true
    },
    {
        "id": "68209939579b07.68024153",
        "user_id": "68141f488ea9a1.42837906",
        "timestamp": "2025-05-11 12:34:01",
        "ip_address": "2003:6:23e4:57d4:3d92:f717:576e:9136",
        "success": true
    },
    {
        "id": "6820cf280b3c70.10222656",
        "user_id": "68141f488ea9a1.42837906",
        "timestamp": "2025-05-11 16:24:08",
        "ip_address": "2003:6:23e4:57d4:3cde:e1b0:d076:8e82",
        "success": true
    },
    {
        "id": "6820e6620e0ba6.54917111",
        "user_id": "6818c91b77ff06.60224903",
        "timestamp": "2025-05-11 18:03:14",
        "ip_address": "2001:4bc9:800:9ec9:783a:9e37:8f78:9888",
        "success": true
    },
    {
        "id": "6820f229e8b465.04503239",
        "user_id": "68141f488ea9a1.42837906",
        "timestamp": "2025-05-11 18:53:29",
        "ip_address": "2003:6:23e4:57d4:417d:2c91:e693:5c17",
        "success": true
    },
    {
        "id": "6820fbe3f3f870.11098621",
        "user_id": "6818c91b77ff06.60224903",
        "timestamp": "2025-05-11 19:34:59",
        "ip_address": "2001:4bc9:800:9ec9:783a:9e37:8f78:9888",
        "success": true
    },
    {
        "id": "6820fce8bedff0.61078058",
        "user_id": "admin",
        "timestamp": "2025-05-11 19:39:20",
        "ip_address": "2a02:810a:b89:da00:15f1:cce:c131:5b83",
        "success": true
    },
    {
        "id": "6821e81660abb2.45508601",
        "user_id": "68141f488ea9a1.42837906",
        "timestamp": "2025-05-12 12:22:46",
        "ip_address": "2003:6:23e4:5771:5dc1:3db1:1048:71e3",
        "success": true
    },
    {
        "id": "6822300b6cba24.17283617",
        "user_id": "6818c91b77ff06.60224903",
        "timestamp": "2025-05-12 17:29:47",
        "ip_address": "2001:4bc9:800:9ec9:ac08:d59:349d:832a",
        "success": true
    },
    {
        "id": "6822903db23674.32824785",
        "user_id": "admin",
        "timestamp": "2025-05-13 00:20:13",
        "ip_address": "2a02:810a:b89:da00:b814:e019:e59:b8ae",
        "success": true
    },
    {
        "id": "682293a9599be7.11756549",
        "user_id": "68141f488ea9a1.42837906",
        "timestamp": "2025-05-13 00:34:49",
        "ip_address": "2003:c5:ff3a:7f71:7db9:b680:8677:c45",
        "success": true
    },
    {
        "id": "682293ec804fa8.89343617",
        "user_id": "admin",
        "timestamp": "2025-05-13 00:35:56",
        "ip_address": "2a02:810a:b89:da00:b814:e019:e59:b8ae",
        "success": true
    },
    {
        "id": "68234c44c70eb8.38057214",
        "user_id": "6812df887618a4.78112601",
        "timestamp": "2025-05-13 13:42:28",
        "ip_address": "2a06:34c0:a06:5900:c5f:ab53:1cfe:ca89",
        "success": true
    },
    {
        "id": "682358d44720b7.25929229",
        "user_id": "admin",
        "timestamp": "2025-05-13 14:36:04",
        "ip_address": "2a02:810a:b89:da00:8017:26a4:b3cc:c13d",
        "success": true
    },
    {
        "id": "682394c42d1366.43633990",
        "user_id": "admin",
        "timestamp": "2025-05-13 18:51:48",
        "ip_address": "2a02:810a:b89:da00:7991:32e6:1565:90a6",
        "success": true
    },
    {
        "id": "682398a39f45e0.32501784",
        "user_id": "68178e9b8b7284.17116908",
        "timestamp": "2025-05-13 19:08:19",
        "ip_address": "2a00:e180:157b:a000:681d:72b9:874e:b0c7",
        "success": true
    },
    {
        "id": "68239a626a3ad3.23098530",
        "user_id": "68141f488ea9a1.42837906",
        "timestamp": "2025-05-13 19:15:46",
        "ip_address": "2003:6:23e4:57b3:fc9d:e7fe:3419:be3f",
        "success": true
    },
    {
        "id": "68239b303522f3.01353718",
        "user_id": "6818c91b77ff06.60224903",
        "timestamp": "2025-05-13 19:19:12",
        "ip_address": "2001:4bc9:800:9ec9:5842:9b35:81c:306f",
        "success": true
    },
    {
        "id": "68239cd211a313.85166819",
        "user_id": "681519eda39c90.99105169",
        "timestamp": "2025-05-13 19:26:10",
        "ip_address": "83.164.55.118",
        "success": true
    },
    {
        "id": "6823a8ccae21d1.27892476",
        "user_id": "6812df887618a4.78112601",
        "timestamp": "2025-05-13 20:17:16",
        "ip_address": "2a02:810a:b89:da00:7991:32e6:1565:90a6",
        "success": true
    },
    {
        "id": "6823a8fa1c8a85.61704485",
        "user_id": "admin",
        "timestamp": "2025-05-13 20:18:02",
        "ip_address": "2a02:810a:b89:da00:7991:32e6:1565:90a6",
        "success": true
    },
    {
        "id": "6823a92d572497.54355097",
        "user_id": "68178e9b8b7284.17116908",
        "timestamp": "2025-05-13 20:18:53",
        "ip_address": "2a00:e180:157b:a000:681d:72b9:874e:b0c7",
        "success": true
    },
    {
        "id": "6823a931ae9978.64001968",
        "user_id": "6812df887618a4.78112601",
        "timestamp": "2025-05-13 20:18:57",
        "ip_address": "2a02:810a:b89:da00:7991:32e6:1565:90a6",
        "success": true
    },
    {
        "id": "6823a961670312.32832776",
        "user_id": "admin",
        "timestamp": "2025-05-13 20:19:45",
        "ip_address": "2a02:810a:b89:da00:7991:32e6:1565:90a6",
        "success": true
    },
    {
        "id": "6823b3cc5abe57.41760609",
        "user_id": "6818c91b77ff06.60224903",
        "timestamp": "2025-05-13 21:04:12",
        "ip_address": "2001:4bc9:800:9ec9:5842:9b35:81c:306f",
        "success": true
    },
    {
        "id": "6823b400e7fad0.65663423",
        "user_id": "68141f488ea9a1.42837906",
        "timestamp": "2025-05-13 21:05:04",
        "ip_address": "2003:6:23e4:57b3:fc9d:e7fe:3419:be3f",
        "success": true
    },
    {
        "id": "6823b67c552f52.21127734",
        "user_id": "681519eda39c90.99105169",
        "timestamp": "2025-05-13 21:15:40",
        "ip_address": "83.164.55.118",
        "success": true
    },
    {
        "id": "6823bf6fe26372.96049503",
        "user_id": "admin",
        "timestamp": "2025-05-13 21:53:51",
        "ip_address": "2a02:810a:b89:da00:7991:32e6:1565:90a6",
        "success": true
    },
    {
        "id": "6823e92493a111.09416340",
        "user_id": "admin",
        "timestamp": "2025-05-14 00:51:48",
        "ip_address": "2a02:810a:b89:da00:7991:32e6:1565:90a6",
        "success": true
    },
    {
        "id": "68243b89eab055.00812548",
        "user_id": "68141f488ea9a1.42837906",
        "timestamp": "2025-05-14 06:43:21",
        "ip_address": "2003:6:23e4:5761:954c:8c69:6775:afd4",
        "success": true
    },
    {
        "id": "682451c21358f0.02426946",
        "user_id": "68141f488ea9a1.42837906",
        "timestamp": "2025-05-14 08:18:10",
        "ip_address": "2003:6:23e4:5761:954c:8c69:6775:afd4",
        "success": true
    },
    {
        "id": "68247623eb10a1.91085028",
        "user_id": "68141f488ea9a1.42837906",
        "timestamp": "2025-05-14 10:53:23",
        "ip_address": "2a01:598:a192:1443:c408:5748:5c13:1d0c",
        "success": true
    },
    {
        "id": "68247af444bd77.70335481",
        "user_id": "6818c91b77ff06.60224903",
        "timestamp": "2025-05-14 11:13:56",
        "ip_address": "213.162.81.218",
        "success": true
    },
    {
        "id": "68247c0dba4ad4.21353565",
        "user_id": "6818c91b77ff06.60224903",
        "timestamp": "2025-05-14 11:18:37",
        "ip_address": "2a01:598:a192:1443:c408:5748:5c13:1d0c",
        "success": false
    },
    {
        "id": "68247c362250c1.95469220",
        "user_id": "6818c91b77ff06.60224903",
        "timestamp": "2025-05-14 11:19:18",
        "ip_address": "2a01:598:a192:1443:c408:5748:5c13:1d0c",
        "success": false
    },
    {
        "id": "68247c38017884.56373362",
        "user_id": "68141f488ea9a1.42837906",
        "timestamp": "2025-05-14 11:19:20",
        "ip_address": "2a01:598:a192:1443:c408:5748:5c13:1d0c",
        "success": true
    },
    {
        "id": "68247c55bb9c69.76253295",
        "user_id": "6818c91b77ff06.60224903",
        "timestamp": "2025-05-14 11:19:49",
        "ip_address": "2a01:598:a192:1443:c408:5748:5c13:1d0c",
        "success": false
    },
    {
        "id": "68247c8da70dd1.72753195",
        "user_id": "68141f488ea9a1.42837906",
        "timestamp": "2025-05-14 11:20:45",
        "ip_address": "2a01:598:a192:1443:c408:5748:5c13:1d0c",
        "success": true
    },
    {
        "id": "68247cacea2553.62469349",
        "user_id": "6818c91b77ff06.60224903",
        "timestamp": "2025-05-14 11:21:16",
        "ip_address": "2a01:598:a192:1443:c408:5748:5c13:1d0c",
        "success": false
    },
    {
        "id": "68247ce0604ff0.03053274",
        "user_id": "6818c91b77ff06.60224903",
        "timestamp": "2025-05-14 11:22:08",
        "ip_address": "2a01:598:a192:1443:c408:5748:5c13:1d0c",
        "success": true
    },
    {
        "id": "6824900e88c1c7.85271001",
        "user_id": "6812df887618a4.78112601",
        "timestamp": "2025-05-14 12:43:58",
        "ip_address": "2a06:34c0:a06:5900:4d2b:3093:349b:8ae5",
        "success": true
    },
    {
        "id": "68249cdc718c65.22487702",
        "user_id": "admin",
        "timestamp": "2025-05-14 13:38:36",
        "ip_address": "2a02:810a:b89:da00:8017:26a4:b3cc:c13d",
        "success": true
    },
    {
        "id": "6824bbe8a496c8.56824104",
        "user_id": "6812df887618a4.78112601",
        "timestamp": "2025-05-14 15:51:04",
        "ip_address": "2a06:34c0:a06:5900:4d2b:3093:349b:8ae5",
        "success": true
    },
    {
        "id": "6824d494acf434.28594568",
        "user_id": "6812df887618a4.78112601",
        "timestamp": "2025-05-14 17:36:20",
        "ip_address": "2a06:34c0:a06:5900:4d2b:3093:349b:8ae5",
        "success": true
    },
    {
        "id": "6824e24ebb0945.07737798",
        "user_id": "admin",
        "timestamp": "2025-05-14 18:34:54",
        "ip_address": "2a02:810a:b89:da00:b08b:8e5f:b3f5:9cf1",
        "success": true
    },
    {
        "id": "6824eaa27fe760.43084652",
        "user_id": "6812df887618a4.78112601",
        "timestamp": "2025-05-14 19:10:26",
        "ip_address": "2a06:34c0:a06:5900:4d2b:3093:349b:8ae5",
        "success": true
    },
    {
        "id": "6824fa7c9eb009.28386274",
        "user_id": "6812df887618a4.78112601",
        "timestamp": "2025-05-14 20:18:04",
        "ip_address": "2a06:34c0:a06:5900:4d2b:3093:349b:8ae5",
        "success": true
    },
    {
        "id": "682508e436c891.01634671",
        "user_id": "admin",
        "timestamp": "2025-05-14 21:19:32",
        "ip_address": "2a02:810a:b89:da00:b08b:8e5f:b3f5:9cf1",
        "success": true
    },
    {
        "id": "6825332b5b1054.89762730",
        "user_id": "admin",
        "timestamp": "2025-05-15 00:19:55",
        "ip_address": "2a02:810a:b89:da00:b08b:8e5f:b3f5:9cf1",
        "success": true
    },
    {
        "id": "682641035912a8.79116650",
        "user_id": "admin",
        "timestamp": "2025-05-15 19:31:15",
        "ip_address": "2a02:810a:b89:da00:e4ec:8115:75d8:250d",
        "success": true
    },
    {
        "id": "6827541265e5c4.52803376",
        "user_id": "6812df887618a4.78112601",
        "timestamp": "2025-05-16 15:04:50",
        "ip_address": "2a02:3036:2e0:40a:5577:983b:7598:b2c1",
        "success": false
    },
    {
        "id": "6827541d32ad49.09340768",
        "user_id": "6812df887618a4.78112601",
        "timestamp": "2025-05-16 15:05:01",
        "ip_address": "2a02:3036:2e0:40a:5577:983b:7598:b2c1",
        "success": true
    },
    {
        "id": "682781d6ca6986.83721500",
        "user_id": "6812df887618a4.78112601",
        "timestamp": "2025-05-16 18:20:06",
        "ip_address": "2a06:34c0:a06:5900:e560:7c0a:2064:4a03",
        "success": true
    },
    {
        "id": "682791531cdb10.07013263",
        "user_id": "6812df887618a4.78112601",
        "timestamp": "2025-05-16 19:26:11",
        "ip_address": "2a02:3036:2e0:40a:e076:5d4f:e17b:6de6",
        "success": true
    },
    {
        "id": "6827bb357be0d2.04874361",
        "user_id": "admin",
        "timestamp": "2025-05-16 22:24:53",
        "ip_address": "2a02:810a:b89:da00:6400:5301:cee6:9c3a",
        "success": true
    },
    {
        "id": "6827bb3de92ed7.86883945",
        "user_id": "68141f488ea9a1.42837906",
        "timestamp": "2025-05-16 22:25:01",
        "ip_address": "2003:6:23e4:57dd:b0b4:1f76:e5b6:663a",
        "success": true
    },
    {
        "id": "6827bbf47eb8c9.32489483",
        "user_id": "admin",
        "timestamp": "2025-05-16 22:28:04",
        "ip_address": "2a02:810a:b89:da00:6400:5301:cee6:9c3a",
        "success": true
    },
    {
        "id": "6827bc73522349.58018807",
        "user_id": "admin",
        "timestamp": "2025-05-16 22:30:11",
        "ip_address": "2a02:810a:b89:da00:6400:5301:cee6:9c3a",
        "success": true
    },
    {
        "id": "6829e837bec4e9.27141967",
        "user_id": "6812df887618a4.78112601",
        "timestamp": "2025-05-18 14:01:27",
        "ip_address": "2a06:34c0:a06:5900:85f1:f7f4:b78b:aa8c",
        "success": true
    },
    {
        "id": "682a076910de15.93418131",
        "user_id": "6812df887618a4.78112601",
        "timestamp": "2025-05-18 16:14:33",
        "ip_address": "2a06:34c0:a06:5900:85f1:f7f4:b78b:aa8c",
        "success": true
    },
    {
        "id": "682a215d896985.89715872",
        "user_id": "6812df887618a4.78112601",
        "timestamp": "2025-05-18 18:05:17",
        "ip_address": "2a06:34c0:a06:5900:85f1:f7f4:b78b:aa8c",
        "success": true
    },
    {
        "id": "682a2be0751565.02423632",
        "user_id": "681519eda39c90.99105169",
        "timestamp": "2025-05-18 18:50:08",
        "ip_address": "83.164.55.118",
        "success": true
    },
    {
        "id": "682a377c89c296.67361791",
        "user_id": "admin",
        "timestamp": "2025-05-18 19:39:40",
        "ip_address": "2a02:810a:b89:da00:e861:926b:7a29:1bca",
        "success": true
    },
    {
        "id": "682a4b47d43c67.48483313",
        "user_id": "admin",
        "timestamp": "2025-05-18 21:04:07",
        "ip_address": "2a02:810a:b89:da00:e861:926b:7a29:1bca",
        "success": true
    },
    {
        "id": "682a4babcf0b86.23111080",
        "user_id": "6812df887618a4.78112601",
        "timestamp": "2025-05-18 21:05:47",
        "ip_address": "2a06:34c0:a06:5900:682b:523e:47d2:8e9f",
        "success": true
    },
    {
        "id": "682a5104891019.22367300",
        "user_id": "6812df887618a4.78112601",
        "timestamp": "2025-05-18 21:28:36",
        "ip_address": "2a06:34c0:a06:5900:682b:523e:47d2:8e9f",
        "success": true
    },
    {
        "id": "682a510dd0fb68.77967689",
        "user_id": "admin",
        "timestamp": "2025-05-18 21:28:45",
        "ip_address": "2a02:810a:b89:da00:e861:926b:7a29:1bca",
        "success": true
    },
    {
        "id": "682a51430727a2.43223871",
        "user_id": "6812df887618a4.78112601",
        "timestamp": "2025-05-18 21:29:39",
        "ip_address": "2a06:34c0:a06:5900:682b:523e:47d2:8e9f",
        "success": true
    },
    {
        "id": "682b4126bb3195.61865126",
        "user_id": "6812df887618a4.78112601",
        "timestamp": "2025-05-19 14:33:10",
        "ip_address": "2a06:34c0:a06:5900:682b:523e:47d2:8e9f",
        "success": true
    },
    {
        "id": "682b5bd39ca247.22307205",
        "user_id": "6812df887618a4.78112601",
        "timestamp": "2025-05-19 16:26:59",
        "ip_address": "2a06:34c0:a06:5900:682b:523e:47d2:8e9f",
        "success": true
    },
    {
        "id": "682b6c2ec8d110.69136059",
        "user_id": "6818c91b77ff06.60224903",
        "timestamp": "2025-05-19 17:36:46",
        "ip_address": "212.95.8.215",
        "success": true
    },
    {
        "id": "682b76455155e0.20897438",
        "user_id": "6818c91b77ff06.60224903",
        "timestamp": "2025-05-19 18:19:49",
        "ip_address": "212.95.8.215",
        "success": true
    },
    {
        "id": "682b8508361d75.45081748",
        "user_id": "681519eda39c90.99105169",
        "timestamp": "2025-05-19 19:22:48",
        "ip_address": "83.164.55.118",
        "success": true
    },
    {
        "id": "682b8fec97fc30.57805585",
        "user_id": "68178e9b8b7284.17116908",
        "timestamp": "2025-05-19 20:09:16",
        "ip_address": "2a00:e180:157b:a000:e891:bd5:28ba:4aad",
        "success": true
    },
    {
        "id": "682b9352769980.91725887",
        "user_id": "6812df887618a4.78112601",
        "timestamp": "2025-05-19 20:23:46",
        "ip_address": "2a06:34c0:a06:5900:682b:523e:47d2:8e9f",
        "success": true
    },
    {
        "id": "682b98265ffca2.06648231",
        "user_id": "6818c91b77ff06.60224903",
        "timestamp": "2025-05-19 20:44:22",
        "ip_address": "212.95.8.215",
        "success": true
    },
    {
        "id": "682ba0a9294e80.68143250",
        "user_id": "6812df887618a4.78112601",
        "timestamp": "2025-05-19 21:20:41",
        "ip_address": "2a06:34c0:a06:5900:34f1:99a7:72ac:6661",
        "success": true
    },
    {
        "id": "682ba0cadd03f9.10347591",
        "user_id": "68141f488ea9a1.42837906",
        "timestamp": "2025-05-19 21:21:14",
        "ip_address": "2003:6:23e4:570c:951a:8aa0:ba9c:4976",
        "success": true
    },
    {
        "id": "682ba4da6ee755.13446018",
        "user_id": "admin",
        "timestamp": "2025-05-19 21:38:34",
        "ip_address": "2a02:810a:b89:da00:8900:76c4:ed6a:57c3",
        "success": true
    },
    {
        "id": "682bb9599b8923.03870834",
        "user_id": "admin",
        "timestamp": "2025-05-19 23:06:01",
        "ip_address": "2a02:810a:b89:da00:8900:76c4:ed6a:57c3",
        "success": true
    },
    {
        "id": "682bba1289ba01.18226050",
        "user_id": "68141f488ea9a1.42837906",
        "timestamp": "2025-05-19 23:09:06",
        "ip_address": "2003:6:23e4:570c:951a:8aa0:ba9c:4976",
        "success": true
    },
    {
        "id": "682bbc2e854420.35705515",
        "user_id": "6812df887618a4.78112601",
        "timestamp": "2025-05-19 23:18:06",
        "ip_address": "2a06:34c0:a06:5900:34f1:99a7:72ac:6661",
        "success": true
    },
    {
        "id": "682bc1e59b22e3.27702644",
        "user_id": "admin",
        "timestamp": "2025-05-19 23:42:29",
        "ip_address": "2a02:810a:b89:da00:8900:76c4:ed6a:57c3",
        "success": true
    },
    {
        "id": "682bcb721f0ad7.45681620",
        "user_id": "68141f488ea9a1.42837906",
        "timestamp": "2025-05-20 00:23:14",
        "ip_address": "2003:6:23e4:570c:951a:8aa0:ba9c:4976",
        "success": true
    },
    {
        "id": "682bd8f60ac240.70355467",
        "user_id": "admin",
        "timestamp": "2025-05-20 01:20:54",
        "ip_address": "2a02:810a:b89:da00:8900:76c4:ed6a:57c3",
        "success": true
    },
    {
        "id": "682cc53ec06f29.75356735",
        "user_id": "6818c91b77ff06.60224903",
        "timestamp": "2025-05-20 18:09:02",
        "ip_address": "212.95.8.215",
        "success": true
    },
    {
        "id": "682cead8228ec0.89799603",
        "user_id": "6818c91b77ff06.60224903",
        "timestamp": "2025-05-20 20:49:28",
        "ip_address": "212.95.8.215",
        "success": true
    },
    {
        "id": "682cf788504965.11089500",
        "user_id": "admin",
        "timestamp": "2025-05-20 21:43:36",
        "ip_address": "2a02:810a:b89:da00:3976:600c:5000:623a",
        "success": true
    },
    {
        "id": "682dad71790b58.10289961",
        "user_id": "68141f488ea9a1.42837906",
        "timestamp": "2025-05-21 10:39:45",
        "ip_address": "2003:6:23e4:5768:c8ba:6fac:7a51:6c9e",
        "success": true
    },
    {
        "id": "682e1aa21ddd30.03448918",
        "user_id": "6818c91b77ff06.60224903",
        "timestamp": "2025-05-21 18:25:38",
        "ip_address": "212.95.8.215",
        "success": true
    },
    {
        "id": "682e5d9894e952.75505545",
        "user_id": "admin",
        "timestamp": "2025-05-21 23:11:20",
        "ip_address": "2a02:810a:b89:da00:fc98:d872:c87b:362a",
        "success": true
    },
    {
        "id": "682e832eb61cc1.67316397",
        "user_id": "admin",
        "timestamp": "2025-05-22 01:51:42",
        "ip_address": "2a02:810a:b89:da00:fc98:d872:c87b:362a",
        "success": true
    },
    {
        "id": "682f61ee245255.66516879",
        "user_id": "6818c91b77ff06.60224903",
        "timestamp": "2025-05-22 17:42:06",
        "ip_address": "212.95.8.215",
        "success": true
    },
    {
        "id": "682f6868e8e996.31894675",
        "user_id": "681519eda39c90.99105169",
        "timestamp": "2025-05-22 18:09:44",
        "ip_address": "83.164.55.118",
        "success": true
    },
    {
        "id": "682f768be88ae1.80810563",
        "user_id": "6818c91b77ff06.60224903",
        "timestamp": "2025-05-22 19:10:03",
        "ip_address": "212.95.8.215",
        "success": true
    },
    {
        "id": "682f7a575ca354.63800554",
        "user_id": "68141f488ea9a1.42837906",
        "timestamp": "2025-05-22 19:26:15",
        "ip_address": "2003:6:23e4:5743:f534:e866:84ba:17ac",
        "success": true
    },
    {
        "id": "682f7a620445a0.19126367",
        "user_id": "681519eda39c90.99105169",
        "timestamp": "2025-05-22 19:26:26",
        "ip_address": "83.164.55.118",
        "success": true
    },
    {
        "id": "682f8e1d0c3234.12082273",
        "user_id": "681519eda39c90.99105169",
        "timestamp": "2025-05-22 20:50:37",
        "ip_address": "83.164.55.118",
        "success": true
    },
    {
        "id": "682f8e1d54e6b0.64408172",
        "user_id": "6818c91b77ff06.60224903",
        "timestamp": "2025-05-22 20:50:37",
        "ip_address": "212.95.8.215",
        "success": true
    },
    {
        "id": "682f95916251e2.17567170",
        "user_id": "68141f488ea9a1.42837906",
        "timestamp": "2025-05-22 21:22:25",
        "ip_address": "2003:6:23e4:5743:f534:e866:84ba:17ac",
        "success": true
    },
    {
        "id": "6830d512166bb7.06238083",
        "user_id": "6818c91b77ff06.60224903",
        "timestamp": "2025-05-23 20:05:38",
        "ip_address": "212.95.8.215",
        "success": true
    },
    {
        "id": "6830ead82fcce6.63504926",
        "user_id": "6818c91b77ff06.60224903",
        "timestamp": "2025-05-23 21:38:32",
        "ip_address": "212.95.8.215",
        "success": true
    },
    {
        "id": "6831f8e6658ed3.91988916",
        "user_id": "6818c91b77ff06.60224903",
        "timestamp": "2025-05-24 16:50:46",
        "ip_address": "212.95.8.215",
        "success": true
    },
    {
        "id": "683205581f06a9.06776294",
        "user_id": "6818c91b77ff06.60224903",
        "timestamp": "2025-05-24 17:43:52",
        "ip_address": "212.95.8.215",
        "success": true
    },
    {
        "id": "68320bf059d9a0.60611989",
        "user_id": "681519eda39c90.99105169",
        "timestamp": "2025-05-24 18:12:00",
        "ip_address": "83.164.55.118",
        "success": true
    },
    {
        "id": "683217c191c043.05070237",
        "user_id": "68178e9b8b7284.17116908",
        "timestamp": "2025-05-24 19:02:25",
        "ip_address": "2a00:e180:157b:a000:7815:2f3:12b3:d0c3",
        "success": true
    },
    {
        "id": "68324bb2640664.15557662",
        "user_id": "68178e9b8b7284.17116908",
        "timestamp": "2025-05-24 22:44:02",
        "ip_address": "2a00:e180:157b:a000:e4b6:d200:cc0:bd74",
        "success": true
    },
    {
        "id": "6833243d648891.94686336",
        "user_id": "68141f488ea9a1.42837906",
        "timestamp": "2025-05-25 14:07:57",
        "ip_address": "2003:6:23e4:5741:8716:144c:a0a4:e218",
        "success": true
    },
    {
        "id": "68333fc5dce332.13690361",
        "user_id": "admin",
        "timestamp": "2025-05-25 16:05:25",
        "ip_address": "2a02:810a:b89:da00:f415:e7ab:5e32:73c",
        "success": true
    },
    {
        "id": "68334d7dce9da4.26202516",
        "user_id": "68178e9b8b7284.17116908",
        "timestamp": "2025-05-25 17:03:57",
        "ip_address": "2a00:e180:157b:a000:fccf:5f74:360f:d24a",
        "success": true
    },
    {
        "id": "6833578138cfb3.44600037",
        "user_id": "6818c91b77ff06.60224903",
        "timestamp": "2025-05-25 17:46:41",
        "ip_address": "212.95.8.215",
        "success": true
    },
    {
        "id": "68335eb3db3802.62486450",
        "user_id": "admin",
        "timestamp": "2025-05-25 18:17:23",
        "ip_address": "2a02:810a:b89:da00:f415:e7ab:5e32:73c",
        "success": true
    },
    {
        "id": "683364be0ad392.98480909",
        "user_id": "6818c91b77ff06.60224903",
        "timestamp": "2025-05-25 18:43:10",
        "ip_address": "212.95.8.215",
        "success": true
    },
    {
        "id": "683385de7a54a4.86304902",
        "user_id": "admin",
        "timestamp": "2025-05-25 21:04:30",
        "ip_address": "2a02:810a:b89:da00:f415:e7ab:5e32:73c",
        "success": true
    },
    {
        "id": "68349f4ae59781.29871297",
        "user_id": "6818c91b77ff06.60224903",
        "timestamp": "2025-05-26 17:05:14",
        "ip_address": "212.95.8.215",
        "success": true
    },
    {
        "id": "6834d7d1762828.46472589",
        "user_id": "admin",
        "timestamp": "2025-05-26 21:06:25",
        "ip_address": "2a02:810a:b89:da00:c0ad:402f:8317:1c8f",
        "success": true
    },
    {
        "id": "68361c1331e931.13438008",
        "user_id": "6818c91b77ff06.60224903",
        "timestamp": "2025-05-27 20:09:55",
        "ip_address": "212.95.8.215",
        "success": true
    },
    {
        "id": "68377f32922de8.53145844",
        "user_id": "6818c91b77ff06.60224903",
        "timestamp": "2025-05-28 21:25:06",
        "ip_address": "212.95.5.183",
        "success": true
    },
    {
        "id": "68388577141b96.13464662",
        "user_id": "6818c91b77ff06.60224903",
        "timestamp": "2025-05-29 16:04:07",
        "ip_address": "212.95.5.183",
        "success": true
    },
    {
        "id": "683898ac9cb765.58480902",
        "user_id": "6818c91b77ff06.60224903",
        "timestamp": "2025-05-29 17:26:04",
        "ip_address": "212.95.5.183",
        "success": true
    },
    {
        "id": "6838afa5386508.54499904",
        "user_id": "6818c91b77ff06.60224903",
        "timestamp": "2025-05-29 19:04:05",
        "ip_address": "212.95.5.183",
        "success": true
    },
    {
        "id": "6838c6a43f3bd7.07755011",
        "user_id": "admin",
        "timestamp": "2025-05-29 20:42:12",
        "ip_address": "2a02:810a:b89:da00:115a:f4:19ee:434e",
        "success": true
    },
    {
        "id": "6838c6e4196729.79047799",
        "user_id": "6818c91b77ff06.60224903",
        "timestamp": "2025-05-29 20:43:16",
        "ip_address": "212.95.5.183",
        "success": true
    },
    {
        "id": "6838cf9247d376.91471169",
        "user_id": "6818c91b77ff06.60224903",
        "timestamp": "2025-05-29 21:20:18",
        "ip_address": "212.95.5.183",
        "success": true
    },
    {
        "id": "6838e1446d14a0.98143500",
        "user_id": "admin",
        "timestamp": "2025-05-29 22:35:48",
        "ip_address": "2a02:810a:b89:da00:115a:f4:19ee:434e",
        "success": true
    },
    {
        "id": "6839912ae251e0.00916501",
        "user_id": "6818c91b77ff06.60224903",
        "timestamp": "2025-05-30 11:06:18",
        "ip_address": "212.95.5.183",
        "success": true
    },
    {
        "id": "683a17622bebb8.68306041",
        "user_id": "6818c91b77ff06.60224903",
        "timestamp": "2025-05-30 20:38:58",
        "ip_address": "212.95.5.183",
        "success": true
    },
    {
        "id": "683a1a93bffa52.02336864",
        "user_id": "admin",
        "timestamp": "2025-05-30 20:52:35",
        "ip_address": "2a02:810a:b89:da00:5d30:9eb4:ca80:5b9b",
        "success": true
    },
    {
        "id": "683a2087d4fb91.55764754",
        "user_id": "admin",
        "timestamp": "2025-05-30 21:17:59",
        "ip_address": "2a02:810a:b89:da00:5d30:9eb4:ca80:5b9b",
        "success": true
    },
    {
        "id": "683a39f3ebc0a8.21824674",
        "user_id": "admin",
        "timestamp": "2025-05-30 23:06:27",
        "ip_address": "2a02:810a:b89:da00:5d30:9eb4:ca80:5b9b",
        "success": true
    },
    {
        "id": "683a414b5ca390.53040488",
        "user_id": "6818c91b77ff06.60224903",
        "timestamp": "2025-05-30 23:37:47",
        "ip_address": "212.95.5.183",
        "success": true
    },
    {
        "id": "683a46345c02b8.04007865",
        "user_id": "6818c91b77ff06.60224903",
        "timestamp": "2025-05-30 23:58:44",
        "ip_address": "212.95.5.183",
        "success": true
    },
    {
        "id": "683b51994be731.78873905",
        "user_id": "681519eda39c90.99105169",
        "timestamp": "2025-05-31 18:59:37",
        "ip_address": "83.164.55.118",
        "success": true
    },
    {
        "id": "683c74e462a7d4.06991098",
        "user_id": "admin",
        "timestamp": "2025-06-01 15:42:28",
        "ip_address": "2a02:810a:b89:da00:e86a:674b:3a3c:1e30",
        "success": true
    },
    {
        "id": "683ca971b03507.56839144",
        "user_id": "68178e9b8b7284.17116908",
        "timestamp": "2025-06-01 19:26:41",
        "ip_address": "2a00:e180:157b:a000:4010:651d:65e9:b00c",
        "success": true
    },
    {
        "id": "683cbf6f432c97.80141923",
        "user_id": "admin",
        "timestamp": "2025-06-01 21:00:31",
        "ip_address": "2a02:810a:b89:da00:e86a:674b:3a3c:1e30",
        "success": true
    },
    {
        "id": "683d81a24caa00.20620932",
        "user_id": "68178e9b8b7284.17116908",
        "timestamp": "2025-06-02 10:49:06",
        "ip_address": "2a00:e180:157b:a000:bc20:a04c:e4fa:32de",
        "success": true
    },
    {
        "id": "683e04f471ffa9.50115308",
        "user_id": "admin",
        "timestamp": "2025-06-02 20:09:24",
        "ip_address": "2a02:810a:b89:da00:65d5:aed5:e764:78a4",
        "success": true
    },
    {
        "id": "683e9fffd955a9.93245621",
        "user_id": "68141f488ea9a1.42837906",
        "timestamp": "2025-06-03 07:10:55",
        "ip_address": "2003:6:23e4:5709:88a7:bc83:e8ab:4f13",
        "success": true
    },
    {
        "id": "683f5d719514b9.37770841",
        "user_id": "admin",
        "timestamp": "2025-06-03 20:39:13",
        "ip_address": "2a02:810a:b89:da00:f414:c2f7:8709:5042",
        "success": true
    },
    {
        "id": "683f76e44b0908.35085323",
        "user_id": "admin",
        "timestamp": "2025-06-03 22:27:48",
        "ip_address": "2a02:810a:b89:da00:f414:c2f7:8709:5042",
        "success": true
    },
    {
        "id": "6840cf2a328701.51651271",
        "user_id": "admin",
        "timestamp": "2025-06-04 22:56:42",
        "ip_address": "2a02:810a:b89:da00:e830:13dd:6adc:a28c",
        "success": true
    },
    {
        "id": "6840dc74ba5ce8.48360433",
        "user_id": "admin",
        "timestamp": "2025-06-04 23:53:24",
        "ip_address": "2a02:810a:b89:da00:e830:13dd:6adc:a28c",
        "success": true
    },
    {
        "id": "684346f4bcec29.75950893",
        "user_id": "admin",
        "timestamp": "2025-06-06 19:52:20",
        "ip_address": "2003:f3:bf33:c00:b087:7383:6000:2384",
        "success": true
    },
    {
        "id": "6859c7c11f6107.37174865",
        "user_id": "admin",
        "timestamp": "2025-06-23 21:31:45",
        "ip_address": "2a02:810a:b89:da00:b432:c450:d8a7:357d",
        "success": true
    },
    {
        "id": "6859caafbebb46.16127287",
        "user_id": "68141f488ea9a1.42837906",
        "timestamp": "2025-06-23 21:44:15",
        "ip_address": "2003:6:23e4:573c:dc2c:7739:e8b0:b912",
        "success": true
    },
    {
        "id": "685b3152ed4883.20654053",
        "user_id": "admin",
        "timestamp": "2025-06-24 23:14:26",
        "ip_address": "2a02:810a:b89:da00:6dcd:9b02:766b:4860",
        "success": true
    },
    {
        "id": "6880bfd9512515.54445538",
        "user_id": "68178e9b8b7284.17116908",
        "timestamp": "2025-07-23 10:56:25",
        "ip_address": "2a02:810b:1022:5d00:e9ea:a5bf:72db:bc6e",
        "success": true
    },
    {
        "id": "6880bfd96a3a77.94759012",
        "user_id": "68178e9b8b7284.17116908",
        "timestamp": "2025-07-23 10:56:25",
        "ip_address": "2a00:e180:154a:ed00:9429:237a:5803:744c",
        "success": true
    },
    {
        "id": "6880e849123574.92663348",
        "user_id": "68178e9b8b7284.17116908",
        "timestamp": "2025-07-23 13:48:57",
        "ip_address": "2a02:810b:1022:5d00:e9ea:a5bf:72db:bc6e",
        "success": true
    },
    {
        "id": "688b7f8cf189b4.36406497",
        "user_id": "68178e9b8b7284.17116908",
        "timestamp": "2025-07-31 14:37:00",
        "ip_address": "2a02:810b:1022:5d00:a895:16ce:bcfc:e815",
        "success": true
    },
    {
        "id": "688ff0a8f20754.19681255",
        "user_id": "admin",
        "timestamp": "2025-08-03 23:28:40",
        "ip_address": "2a02:810a:b89:da00:10eb:ad31:96f3:5a62",
        "success": true
    },
    {
        "id": "68a4b5c56b4a79.83373997",
        "user_id": "admin",
        "timestamp": "2025-08-19 17:35:01",
        "ip_address": "2a02:810a:b89:da00:7570:1dfa:e18c:1f36",
        "success": true
    },
    {
        "id": "694a71338229f6.94921469",
        "user_id": "68141f488ea9a1.42837906",
        "timestamp": "2025-12-23 10:38:43",
        "ip_address": "5.9.96.43",
        "success": false
    },
    {
        "id": "694a717049f7b9.90237463",
        "user_id": "68141f488ea9a1.42837906",
        "timestamp": "2025-12-23 10:39:44",
        "ip_address": "5.9.96.43",
        "success": false
    },
    {
        "id": "694a8c44b36602.34073871",
        "user_id": "admin",
        "timestamp": "2025-12-23 12:34:12",
        "ip_address": "5.9.96.43",
        "success": false
    },
    {
        "id": "694a8c50d6f831.41317225",
        "user_id": "admin",
        "timestamp": "2025-12-23 12:34:24",
        "ip_address": "5.9.96.43",
        "success": false
    },
    {
        "id": "694a8c5bf08139.91668506",
        "user_id": "admin",
        "timestamp": "2025-12-23 12:34:35",
        "ip_address": "5.9.96.43",
        "success": true
    },
    {
        "id": "694a8cf3c5b2e5.71625060",
        "user_id": "admin",
        "timestamp": "2025-12-23 12:37:07",
        "ip_address": "5.9.96.43",
        "success": true
    },
    {
        "id": "694a8ffbec1331.11387600",
        "user_id": "68141f488ea9a1.42837906",
        "timestamp": "2025-12-23 12:50:03",
        "ip_address": "5.9.96.43",
        "success": true
    },
    {
        "id": "694a917f4fe5c9.42451401",
        "user_id": "68141f488ea9a1.42837906",
        "timestamp": "2025-12-23 12:56:31",
        "ip_address": "5.9.96.43",
        "success": true
    },
    {
        "id": "694addc4a80cc7.16850956",
        "user_id": "68141f488ea9a1.42837906",
        "timestamp": "2025-12-23 18:21:56",
        "ip_address": "5.9.96.43",
        "success": true
    },
    {
        "id": "694b9ccc19be33.50348200",
        "user_id": "68141f488ea9a1.42837906",
        "timestamp": "2025-12-24 07:57:00",
        "ip_address": "5.9.96.43",
        "success": true
    },
    {
        "id": "694be973b6bb20.95991643",
        "user_id": "68141f488ea9a1.42837906",
        "timestamp": "2025-12-24 13:24:03",
        "ip_address": "93.243.56.66",
        "success": false
    },
    {
        "id": "694bec73171888.96973417",
        "user_id": "68141f488ea9a1.42837906",
        "timestamp": "2025-12-24 13:36:51",
        "ip_address": "5.9.96.43",
        "success": true
    },
    {
        "id": "694becd7e031b7.74878333",
        "user_id": "68141f488ea9a1.42837906",
        "timestamp": "2025-12-24 13:38:31",
        "ip_address": "5.9.96.43",
        "success": true
    },
    {
        "id": "694d52dc890e96.31803366",
        "user_id": "68141f488ea9a1.42837906",
        "timestamp": "2025-12-25 15:06:04",
        "ip_address": "93.243.56.66",
        "success": true
    },
    {
        "id": "694d6bd31745c7.66226507",
        "user_id": "68141f488ea9a1.42837906",
        "timestamp": "2025-12-25 16:52:35",
        "ip_address": "172.64.192.108",
        "success": true
    }
]