[
    {
        "title": "Thema 1 County Rat",
        "content": "Ist es gewollt und m\u00f6glich, dass sich Gewerbetreibende eine Eigentumsurkunde ausgestellt bekommen und damit die Rechte darauf Personen von seinem Eigentum zu verweisen, sowie dass alles was sich auf seinem Grundst\u00fcck befindet ihm geh\u00f6rt (sprich, wird es entwendet ist es Diebstahl)\r\n\r\nOder ist es im Sinne eines Pachtvertrags zwischen Staat und Gewerbeperson und welche Rechte gehen dann damit einher und welche Instanz schlie\u00dft den Vertrag mit dem Gewerbetreibenden?\r\n\r\nWas ist wenn jemand Erze aus der Mine abbaut und diese nicht an den Eigent\u00fcmer verkauft, sondern f\u00fcr sich beansprucht. Entspricht dem Tatbestand eines Diebstahls.",
        "user_id": "admin",
        "username": "OConnor",
        "id": "681568111f19b6.91020510",
        "date_created": "2025-05-03 00:49:21"
    },
    {
        "title": "Thema 2 County Rat",
        "content": "U.S. Marshal Service\r\n\r\nEs untersteht direkt den Anweisungen der Sheriffs und der Army. \r\n\r\nSheriffs und Army sind nicht weisungsbefugt gegen\u00fcber Marshal Service, diese stellen eine eigene Beh\u00f6rde dar die nur dem DoJ unterstellt sind und arbeiten auf Augenh\u00f6he mit der Army und dem Sheriffs Department zusammen.",
        "user_id": "admin",
        "username": "OConnor",
        "id": "681bb66e953f01.99877011",
        "date_created": "2025-05-07 19:37:18"
    },
    {
        "title": "Thema 2 County Rat",
        "content": "Pf\u00e4ndungen, wie durchf\u00fchren?\r\nWie genau k\u00f6nnen wir das gestalten?\r\n\r\nWas passiert mit Leuten die nicht mehr im County sind?",
        "user_id": "admin",
        "username": "OConnor",
        "id": "681ea783bd4748.33456386",
        "date_created": "2025-05-10 01:10:27"
    }
]