[
    {
        "title": "Haftbefehl",
        "content": "Haftbefehl\r\ngem\u00e4\u00df \u00a7\u202f18 der Strafprozessordnung\r\n\r\nIm Namen des Volkes wird hiermit gegen\r\n[Vorname, Nachname], Telegramm-Nr.: [Nummer],\r\naufgrund des begr\u00fcndeten Tatverdachts, er habe sich der folgenden Straftat(en) schuldig gemacht,\r\nder Haftbefehl erlassen.\r\n\r\nTatvorwurf:\r\n[Detaillierte Tatbeschreibung]\r\n\r\nDie Staatsanwaltschaft erhebt aufgrund ihrer Ermittlungen gegen den Beschuldigten den Vorwurf, er habe sich folgender Straftaten schuldig gemacht, wie sie in \u00a7\u00a7\u202f[relevante Paragraphen und Gesetzesbuch] niedergelegt sind.\r\n\r\nDer\/die Beschuldigte wird gem\u00e4\u00df den Bestimmungen des Strafgesetzes zur Verhaftung ausgeschrieben.\r\n\r\ngez.:\r\n\r\n{{SIGNATURE}}",
        "category": "Haftbefehle",
        "is_public": true,
        "created_by": "admin",
        "created_by_name": "OConnor",
        "created_date": "2025-05-01 12:48:15",
        "id": "68136d8f7e59a2.74970319",
        "date_created": "2025-05-01 12:48:15",
        "last_updated_by": "admin",
        "last_updated_by_name": "OConnor",
        "last_updated_date": "2025-05-01 18:08:14",
        "date_updated": "2025-05-01 18:08:14",
        "department": "Richterschaft"
    },
    {
        "title": "Haftbefehlantrag",
        "content": "Antrag auf Erlass eines Haftbefehls\r\ngem\u00e4\u00df \u00a7\u202f18 der Strafprozessordnung\r\n\r\nDepartment of Justice\r\nGerichtshof zu Saint Denis\r\n\r\nStrafsache gegen:\r\n[Name des Beschuldigten, Telegramm-Nr.: [Nummer]]\r\n\r\nDie unterzeichnende Staatsanwaltschaft ersucht hiermit mit allem gebotenen Nachdruck den Erlass eines Haftbefehls gegen\r\n\r\n[Vorname Nachname], Telegramm-Nr.: [Nummer],\r\n\r\nda dringender Tatverdacht besteht, wonach der Beschuldigte am [Datum] zu [Ort] in strafbarer Weise\r\n\r\n[Tatbeschreibung]\r\n\r\nbegangen haben soll.\r\n\r\nDar\u00fcber hinaus liegen Haftgr\u00fcnde vor, insbesondere der Verdacht der Fluchtgefahr, da der Beschuldigte beh\u00f6rdlichen Ladungen wiederholt ferngeblieben ist.\r\n\r\nRechtsgrundlage: \u00a7\u202f18 Strafprozessordnung.\r\n\r\ngez.: \r\n{{SIGNATURE}}",
        "category": "Antr\u00e4ge",
        "is_public": true,
        "created_by": "admin",
        "created_by_name": "OConnor",
        "created_date": "2025-05-01 13:05:01",
        "id": "6813717d08c767.78911928",
        "date_created": "2025-05-01 13:05:01",
        "last_updated_by": "admin",
        "last_updated_by_name": "OConnor",
        "last_updated_date": "2025-05-01 18:10:11",
        "date_updated": "2025-05-01 18:10:11",
        "department": "Staatsanwaltschaft"
    },
    {
        "title": "Heiratsurkunde",
        "content": "Heiratsurkunde\r\nEs wird hiermit beurkundet, dass\r\nHerr [Name des Br\u00e4utigams]\r\n und\r\n Fr\u00e4ulein [Name der Braut]\r\nam [Datum] zu [Ort],\r\n nach den Gesetzen des Staates den Bund der Ehe geschlossen haben.\r\n\r\n\r\nVollzogen durch:\r\n{{SIGNATURE}}",
        "category": "Standesamt",
        "is_public": true,
        "created_by": "admin",
        "created_by_name": "OConnor",
        "created_date": "2025-05-01 13:10:53",
        "id": "681372dd931c75.10393183",
        "date_created": "2025-05-01 13:10:53",
        "last_updated_by": "admin",
        "last_updated_by_name": "OConnor",
        "last_updated_date": "2025-05-01 18:09:22",
        "date_updated": "2025-05-01 18:09:22",
        "department": "Staatsanwaltschaft"
    },
    {
        "title": "Vorladung zum Gerichtstermin",
        "content": "Vorladung\r\nGerichtshof zu Saint Denis \u2013 Department of Justice\r\n\r\nIn der Strafsache gegen:\r\n[Name des Beschuldigten \/ Zeugen \/ Beteiligten], Telegramm-Nr.: [Nummer]\r\n\r\nIm Namen des Gesetzes werden Sie hiermit verpflichtet, am\r\n[Wochentag], den [Datum], um [Uhrzeit],\r\nim Gerichtssaal zu Saint Denis,\r\nvor dem zust\u00e4ndigen Richter pers\u00f6nlich zu erscheinen.\r\n\r\nZweck der Vorladung:\r\n[z.\u202fB. Hauptverhandlung \/ Zeugenvernehmung \/ richterliche Anh\u00f6rung]\r\n\r\nEin Ausbleiben ohne Entschuldigung und schriftlich unterschriebene Aussage kann\r\ngerichtliche Ma\u00dfnahmen nach sich ziehen, einschlie\u00dflich\r\nVorf\u00fchrung durch das Sheriff\u2019s Office.\r\n\r\nRechtsgrundlage: \u00a7\u00a7\u202f1, 2, 3 Strafprozessordnung (StPO)\r\n\r\ngez.: \r\n{{SIGNATURE}}\r\nRichter am Gerichtshof zu Saint Denis",
        "category": "Vorladungen",
        "is_public": true,
        "created_by": "admin",
        "created_by_name": "OConnor",
        "created_date": "2025-05-01 13:22:06",
        "id": "6813757ed6a224.50169524",
        "date_created": "2025-05-01 13:22:06",
        "last_updated_by": "admin",
        "last_updated_by_name": "OConnor",
        "last_updated_date": "2025-05-01 13:38:59",
        "date_updated": "2025-05-01 13:38:59",
        "department": "Richterschaft"
    },
    {
        "title": "Vorladung zur Anh\u00f6rung",
        "content": "Vorladung zur Anh\u00f6rung\r\nStaatsanwaltschaft \u2013 Department of Justice, Saint Denis\r\n\r\nIn der Ermittlungsangelegenheit:\r\n[Untersuchung gegen [Name] \/ Verdacht auf [Straftat]]\r\n\r\nSie werden hiermit aufgefordert, am\r\n[Wochentag], den [Datum], um [Uhrzeit],\r\nim B\u00fcro der Staatsanwaltschaft zu Saint Denis,\r\nzur pers\u00f6nlichen Anh\u00f6rung zu erscheinen.\r\n\r\nZweck der Vorladung:\r\n[Vernehmung als Beschuldigter \/ zur Abgabe einer Stellungnahme \/ zur Kl\u00e4rung des Sachverhalts]\r\n\r\nEin unentschuldigtes Nichterscheinen kann zur Einleitung weiterer Ma\u00dfnahmen f\u00fchren.\r\n\r\nRechtsgrundlage: \u00a7\u00a7\u202f1 i.\u202fV.\u202fm. 2, 3 StPO\r\n\r\ngez.: \r\n{{SIGNATURE}}\r\nStaatsanwalt zu Saint Denis",
        "category": "Vorladungen",
        "is_public": true,
        "created_by": "admin",
        "created_by_name": "OConnor",
        "created_date": "2025-05-01 13:26:56",
        "id": "681376a0e19152.89362674",
        "date_created": "2025-05-01 13:26:56",
        "last_updated_by": "admin",
        "last_updated_by_name": "OConnor",
        "last_updated_date": "2025-05-01 13:39:06",
        "date_updated": "2025-05-01 13:39:06",
        "department": "Richterschaft"
    },
    {
        "title": "Waffenlizenz",
        "content": "Waffenlizenz\r\n\r\nHerrn [Name] , TG-Nummer: [Nummer],\r\nwird gem\u00e4\u00df \u00a7\u202f2 des Waffengesetzes die Erlaubnis zum F\u00fchren von Langwaffen erteilt.\r\n\r\nG\u00fcltig vom 00. Monat 1899 bis 00 Monat 1899 . Diese Lizenz ist nicht \u00fcbertragbar.\r\n\r\nBestimmungen:\r\n1. Langwaffen d\u00fcrfen nur zu rechtm\u00e4\u00dfigen Zwecken gef\u00fchrt werden.\r\n2. Bei Verdacht auf eine Straftat oder bei Ann\u00e4herung an einen solchen Vorfall ist die Waffe sofort und sicher zu verstauen.\r\n3. Auf Verlangen ist die Waffe den Beh\u00f6rden sofort vorzuzeigen.\r\n\r\nMissbrauch gem\u00e4\u00df \u00a7\u202f6 Waffengesetz f\u00fchrt zum sofortigen Entzug der Lizenz und einer Geldstrafe.\r\n\r\nLizenz-Nr.: INITIALIEN-MonatalsZahl1899-laufendeNummer beginnend mit 001\r\n\r\n{{SIGNATURE}}",
        "category": "Lizenzen und Genehmigungen",
        "is_public": true,
        "created_by": "admin",
        "created_by_name": "OConnor",
        "created_date": "2025-05-01 13:46:44",
        "id": "68137b4422e5a1.53532401",
        "date_created": "2025-05-01 13:46:44",
        "department": "Leitungsebene",
        "last_updated_by": "admin",
        "last_updated_by_name": "OConnor",
        "last_updated_date": "2025-05-01 18:10:44",
        "date_updated": "2025-05-01 18:10:44"
    },
    {
        "title": "Anwaltslizenz",
        "content": "Anwaltslizenz\r\ngem\u00e4\u00df \u00a7\u202f19 Abs.\u202f1 Amtsgesetz\r\n\r\nHerrn \/ Frau\r\n[Vorname Nachname], Telegramm-Nr. [Nummer],\r\nwird hiermit die Erlaubnis erteilt, im Hoheitsgebiet der Vereinigten Staaten von Amerika als bevollm\u00e4chtigter Rechtsbeistand aufzutreten und Mandate der Verteidigung wahrzunehmen.\r\n\r\nDiese Zulassung gilt bis zu ihrem Widerruf durch das Department of Justice nach Ma\u00dfgabe des \u00a7\u202f19 Abs.\u202f3 Amtsgesetz.\r\n\r\nDie Aus\u00fcbung des Mandats hat in Einklang mit der Geb\u00fchrenordnung f\u00fcr Rechtsvertreter zu erfolgen und darf, gem\u00e4\u00df \u00a7\u202f19 Abs.\u202f4 Amtsgesetz, nicht zur Verschleierung oder F\u00f6rderung ungesetzlicher Handlungen genutzt werden.\r\n\r\nLizenz-Nr.: [Initialen-MMYY]\r\ngez.\r\n{{SIGNATURE}}",
        "category": "Lizenzen und Genehmigungen",
        "is_public": true,
        "created_by": "admin",
        "created_by_name": "OConnor",
        "created_date": "2025-05-01 13:57:14",
        "id": "68137dbaa63ec3.28080301",
        "date_created": "2025-05-01 13:57:14",
        "last_updated_by": "admin",
        "last_updated_by_name": "OConnor",
        "last_updated_date": "2025-05-01 18:36:56",
        "date_updated": "2025-05-01 18:36:56",
        "department": "Leitungsebene"
    },
    {
        "title": "Besitz- und Handelslizenz",
        "content": "Besitz- und Handelslizenz\r\n\r\nDem Betrieb [Name] unter der Leitung von \r\nHerrn [Vorname Nachname, Telegrammnummer],\r\n\r\nwird hiermit die Genehmigung erteilt, die nachfolgend genannten, gem\u00e4\u00df \u00a717 Abs. 4 des Gesetzbuches verbotenen Substanzen zu produzieren, zu verarbeiten und das daraus resultierende Produkt zu vertreiben:\r\n\r\n Substanz\r\n\r\nDiese Lizenz gilt ausschlie\u00dflich f\u00fcr den Zeitraum vom [Datum] bis zum [Datum]. (3 Monate)\r\n\r\nDie Erlaubnis wird unter der Voraussetzung erteilt, dass die genannten Substanzen ausschlie\u00dflich zu legalen Zwecken verwendet werden. Der Lizenzinhaber ist verpflichtet, diese jederzeit auf Verlangen der judikativen und exekutiven Staatsfunktionen zur \u00dcberpr\u00fcfung vorzulegen.\r\n\r\nLizenznummer: Betriebsname-MMYY-laufende Nummer\r\n\r\ngez.\r\n{{SIGNATURE}}",
        "category": "Allgemein",
        "is_public": true,
        "created_by": "admin",
        "created_by_name": "OConnor",
        "created_date": "2025-05-01 14:11:26",
        "id": "6813810e749237.74733492",
        "date_created": "2025-05-01 14:11:26",
        "department": "Leitungsebene",
        "last_updated_by": "admin",
        "last_updated_by_name": "OConnor",
        "last_updated_date": "2025-05-01 18:11:19",
        "date_updated": "2025-05-01 18:11:19"
    },
    {
        "title": "Personenkontrolle und Durchsuchungsbeschluss",
        "content": "Department of Justice \u2013 Staatsanwaltschaft Saint Denis\r\n\r\nAnordnung zur Personenkontrolle und Durchsuchung gem\u00e4\u00df \u00a7\u00a7\u202f29, 30 der StPO\r\ngegen: Alexander von Mayn TG: 82\r\n\r\nAufgrund bestehender Verdachtsmomente wird gem\u00e4\u00df \u00a7\u00a7\u202f29, 30 StPO eine Personenkontrolle, sowie Durchsuchung der Kutsche und der Taschen des Pferdes angeordnet. Ziel ist die Feststellung strafrechtlich relevanter Umst\u00e4nde im Zusammenhang mit laufenden Ermittlungen.\r\n\r\nDie beauftragten Beamten sind befugt,\r\n\u2013 Identit\u00e4ten festzustellen\r\n\u2013 benannte Person zu durchsuchen\r\n\u2013 zugeh\u00f6rigen Pferdetaschen und Kutschen zu durchsuchen\r\n- und Beweismittel, sowie illegale Gegenst\u00e4nde zu beschlagnahmen\r\n\r\nSaint Denis, den",
        "department": "Richterschaft",
        "category": "Beschl\u00fcsse",
        "is_public": true,
        "created_by": "admin",
        "created_by_name": "OConnor",
        "created_date": "2025-06-02 20:15:18",
        "id": "683e0656870900.63306775",
        "date_created": "2025-06-02 20:15:18"
    }
]